SIRUTA,Yhat.GWR.GLM
34173,-0.011762
104243,-0.0138889
143557,0.109178
4142,-0.0113139
128221,-0.0459665
96478,-0.0309134
166707,-0.0590796
167696,-0.0420563
110063,-0.0629056
166057,-0.0517191
164749,-0.0351542
21891,-0.0682013
94125,-0.0546736
43180,-0.0608988
29341,-0.0633063
61808,-0.0612617
153277,-0.0211825
52035,-0.0749764
9538,-0.0405118
145738,0.018039
146432,0.1330517
94456,-0.0941597
110296,0.031997
138734,-0.0301385
153437,-0.0577257
52115,-0.0663465
46769,-0.0236732
179784,-0.0482398
148514,-0.0467299
68280,-0.0445076
77288,-0.0556138
171628,-0.0524599
100923,-0.0525951
16365,0.0540482
15983,-0.0691726
167473,-0.0162076
39532,-0.0607649
41701,-0.053301
150258,-0.0318187
17913,-0.030897
18778,-0.0438045
101662,-0.0232326
36649,-0.0622042
101001,-0.0362968
63802,-0.0177163
116590,-0.0097396
155350,-0.0466374
163832,-0.0537227
63526,-0.0651303
156259,-0.0281076
138501,-0.0200675
82314,-0.0569345
20778,-0.051799
127288,-0.0516884
62020,-0.0610838
101957,-0.003702
145042,-0.0688475
87996,-0.0169137
152234,-0.0182212
105794,-0.0521002
107519,-0.0155192
169547,-0.0950623
70726,-0.0406029
84415,-0.0499449
112076,-0.0403706
130302,-0.0433096
145382,-0.0182784
105829,-0.0465474
49153,-0.0375096
11236,-0.0550843
78828,-0.0283772
157317,-0.0318596
100326,-0.0416027
83561,-0.0347878
134559,-0.0476524
176793,-0.0373902
101564,-0.0374648
72882,-0.0600281
63553,-0.0255121
120502,-0.0592738
10051,-0.0392359
179962,-0.0541035
97063,-0.0504834
95391,-0.042435
77595,-0.049898
77377,-0.0481486
41248,-0.0354136
154709,-0.0456524
10765,-0.0573165
82733,-0.039696
112548,-0.0623744
9627,-0.0460321
138039,-0.0624114
65147,-0.0596253
68404,-0.0473135
106318,-0.0003043
179221,0.1123482
124661,-0.0343198
152252,-0.0456212
28335,-0.0487655
90342,-0.0166281
34155,-0.0500128
110820,-0.0102065
105936,-0.0295145
65139,-0.0464244
140280,-0.0476051
10943,-0.0448684
22059,-0.0623286
81576,-0.0382831
114854,-0.0322863
94376,-0.0158798
127983,-0.0501598
42682,-0.0331283
150702,-0.0669023
54975,0.000325
157362,-0.0200576
105348,0.0011946
151479,-0.0233972
96370,-0.0533272
151816,0.0380705
42753,-0.0778464
153507,-0.0085054
56354,-0.0476422
38848,-0.0490547
87219,-0.0015301
151451,-0.0381035
100969,0.0257051
35839,-0.0040468
79004,-0.0155231
127064,-0.018412
141447,-0.0174882
152948,-0.0429372
110688,-0.0549958
65501,0.0412315
75953,-0.0347672
152724,-0.0739444
39417,-0.061702
128374,-0.0577685
139054,-0.0379113
90805,0.0287285
83525,-0.0318285
73068,0.0616069
80123,-0.0078817
83428,-0.0444135
86810,0.0187954
36952,-0.0605678
63866,-0.0612336
143851,0.0147111
26564,-0.0022332
44560,0.0660266
65154,-0.0686937
99370,-0.0718408
107190,-0.0387432
161856,-0.0696984
121938,-0.0511346
60482,-0.0347302
142774,-0.0171011
93281,-0.0157085
78258,-0.0433279
132574,-0.03294
54305,-0.0473387
32187,-0.0378804
50969,-0.002191
84086,-0.0088129
155092,-0.0561554
49894,-0.0510957
145355,-0.050823
149780,-0.0030082
35731,-0.0453504
113732,-0.0588854
109826,0.0469702
100308,-0.0707115
72926,-0.0446339
108348,-0.0184832
26379,-0.0087541
138574,-0.0443488
39792,-0.0428106
31654,-0.0362874
131933,-0.0045219
68182,0.0348393
137728,-0.0238328
83785,-0.0575955
56988,0.0297304
103639,-0.0500929
176944,-0.0303484
57902,0.0440873
159400,-0.0076726
56014,-0.0356977
129380,-0.0566041
172279,-0.0506401
79932,-0.0553829
116867,-0.0085469
13935,0.1072616
99058,-0.0552438
10195,-0.0228199
128301,-0.0548471
152902,-0.0373302
94312,-0.0412657
91982,0.0277723
27846,-0.0547985
13490,-0.0307662
174520,-0.0604984
140672,-0.0237071
175983,-0.0565282
92569,-0.0224483
24187,-0.0557886
98603,-0.0561624
131899,-0.0026441
38321,-0.0543579
127858,-0.0188248
155662,-0.0600093
93370,-0.0397249
135164,-0.0123466
159883,-0.0224142
156106,-0.0325783
113974,-0.0600958
25629,-0.0622436
15448,-0.0350376
60419,0.0052175
50102,-0.0134115
136768,-0.046823
130534,-0.0086826
21560,0.0016545
179800,-0.0526665
43929,-0.052737
175126,-0.050566
144198,-0.0192284
63125,0.0191924
49545,-0.0564426
168559,-0.0273616
32201,-0.0581619
30988,-0.0081707
154834,-0.0013841
60776,0.0193337
73460,-0.0521505
107083,-0.0555031
100683,-0.0209567
21418,-0.0505984
99209,-0.0501281
64871,0.0095223
34903,-0.0233756
7044,-0.0492299
74616,-0.0665455
118753,-0.0515033
156623,-0.021838
84380,-0.0432806
128588,-0.0356109
56210,-0.0282589
108669,-0.053261
125962,-0.0547309
79362,-0.03492
80506,-0.0695539
160831,-0.0242123
40633,0.0616681
121732,-0.0279271
152760,-0.0275199
38633,-0.055962
135618,-0.0357266
98505,-0.0053138
127368,-0.0123973
153151,-0.0545634
49625,0.1934711
161151,-0.0415837
103997,0.0114829
36426,-0.0220708
40214,0.3265556
144535,-0.0477582
57350,-0.0497286
159419,-0.0354414
155760,-0.0070969
105295,0.1129671
119386,-0.0594807
77331,-0.0164447
115307,-0.0270731
105384,-0.0304843
157530,-0.0146243
12938,0.0421946
105972,-0.0420624
15402,-0.0290461
137899,-0.0600725
57546,-0.07917
151996,-0.068509
175787,-0.058496
157585,-0.0168706
104136,-0.0288714
40606,0.0344948
31422,-0.0490429
151433,-0.0341477
57449,-0.0408263
67675,-0.0535483
45619,-0.0307035
49484,-0.0070918
172340,-0.045777
24524,-0.0385489
41177,-0.0346688
18242,-0.0128749
107314,-0.0328196
34280,0.0120153
16285,-0.0482167
148765,-0.023647
137764,-0.042275
129914,-0.0739531
101083,0.0132141
70637,-0.0510892
51840,-0.0486114
154344,-0.0613975
159650,-0.057821
50549,-0.1163947
133964,0.0059184
95471,-0.0516531
147241,-0.0362303
71536,-0.0631611
4188,-0.0373557
144615,0.0279678
127750,-0.0572066
93325,-0.0470265
75686,-0.0420024
67737,0.0193659
48165,-0.0601636
114603,0.0678958
155494,-0.0621607
55687,0.069412
125150,-0.0236606
102605,0.1286477
43652,-0.0354547
65707,-0.0296924
154380,-0.044987
142177,-0.0479949
168880,0.0467762
59880,-0.0570174
2577,-0.0542019
175206,-0.0439234
29948,-0.0038444
18527,-0.0171852
119242,-0.0680836
104680,-0.0432026
63198,-0.0394307
101298,0.0393838
125114,-0.0608766
107430,0.0016266
141232,-0.058673
131817,-0.0044034
154184,-0.0441734
63161,-0.067117
29243,0.0516568
129460,-0.0274196
146931,-0.0229137
92177,-0.1199444
57314,-0.0170641
76601,-0.0485568
134194,-0.0094313
93236,-0.0177845
130286,-0.0503486
88644,-0.0176746
23289,-0.0528657
24338,-0.0485082
67470,-0.0472318
41113,-0.0235618
140547,-0.0381506
151442,-0.0318855
151585,-0.0639107
136134,-0.0029328
162924,-0.0450718
119590,-0.0003798
103238,-0.0494535
72604,-0.0628909
130339,-0.0463147
27506,-0.0517589
173855,-0.0348008
165470,-0.0706922
14673,-0.0492108
105026,-0.0396535
71518,-0.0641658
112129,-0.0552721
135431,-0.0424942
7099,-0.0389061
162559,-0.0544246
123709,-0.0562025
86222,-0.0493046
48771,-0.0354908
65609,0.0108081
101163,0.0274926
33765,-0.0301057
9690,-0.0159182
153605,-0.0393307
26083,-0.0407271
158065,0.0091122
145408,-0.0098015
65099,-0.0620586
131210,0.0605181
128882,-0.0635224
103407,-0.0475257
153295,-0.0472334
44113,-0.0532349
179588,-0.0275699
23449,-0.0460888
159687,-0.0590308
76674,-0.0303986
65379,0.0236831
175439,-0.0490271
17575,-0.0780774
149753,-0.0265214
107154,-0.0457827
149414,0.0096206
52721,-0.0569407
130712,0.0949308
75356,-0.0354499
173935,-0.0423056
77587,-0.0597165
179249,0.106416
67121,-0.023636
142006,-0.0393203
26877,-0.0310366
133161,0.0452099
53755,-0.0701079
100282,-0.0562907
100736,0.0134491
151157,-0.0593581
78472,-0.0404624
31379,0.0454271
149502,-0.0589773
46019,-0.0286752
93931,-0.0308513
170612,-0.0544209
102446,-0.0360327
111006,-0.0492922
131540,-0.0283434
84102,-0.0422257
33275,-0.0267581
107001,-0.0518729
93539,-0.0318716
68324,-0.0091816
80560,-0.0572493
115183,-0.0340247
14753,-0.0784394
136250,-0.0492601
167277,-0.0479838
16739,-0.0461
59942,-0.0510355
39983,-0.056735
42307,-0.0351987
1696,-0.0208924
126718,-0.0317193
179132,0.0050499
178475,-0.0587855
75917,-0.0790339
147054,-0.0412788
98435,-0.0492055
26920,-0.0938345
160617,-0.0117414
40991,-0.0623386
112370,-0.0580793
178938,-0.040205
32704,-0.0273942
45673,-0.048677
9887,-0.0177196
32195,0.0414281
29573,-0.0528344
47159,-0.0497675
153623,-0.0529968
68887,-0.0598493
160047,-0.0668555
119527,-0.0270212
120487,0.1351137
114382,0.0887578
34422,-0.0630812
179409,-0.60713
94606,-0.0583601
33248,-0.027821
7348,-0.0405963
156437,-0.0301181
34333,-0.0114111
127386,-0.0558921
125347,-0.0195378
179926,-0.0606075
49643,-0.0198931
175019,0.0009482
148293,-0.02547
50790,-0.0526224
8096,0.0097979
132164,-0.0563
116938,-0.0043301
13187,0.2018149
70744,-0.0651179
15554,-0.0643493
33382,-0.0387961
110027,-0.0240872
98220,-0.0289969
28415,-0.0430109
135020,-0.0419372
79157,-0.0494984
10649,-0.0966911
107234,-0.0651658
150310,-0.042135
34360,-0.0233416
62440,-0.0314749
95060,-0.0502292
38544,-0.0679005
39738,-0.0266717
80613,-0.0516669
33015,-0.0515194
125588,-0.0535399
95943,-0.0475158
172894,0.0006333
132342,-0.0488682
19114,-0.0266756
159945,-0.0448861
22488,-0.0681921
117550,-0.0182437
151709,-0.0374762
86883,-0.0470091
120860,-0.0519148
35884,-0.0273591
27686,-0.0498823
128178,-0.0292103
16427,-0.0518191
63394,-0.0315105
59434,0.0089972
56327,-0.061464
24999,-0.0600419
8229,0.0137147
157683,-0.0406945
137611,-0.0314003
94429,-0.032137
139704,-0.0268579
93085,-0.0171408
137292,-0.0434941
6119,-0.0550997
20607,-0.0473526
121607,-0.0235158
102525,0.0442659
159516,-0.0554723
80249,-0.0569136
73503,-0.0613884
60632,0.0720263
59327,-0.0013345
50326,-0.0627051
93575,-0.0154956
57083,-0.0339612
161348,0.0180454
140440,-0.0378488
137675,0.0232304
85341,0.0301485
23868,-0.0644857
136642,-0.0556867
45496,-0.0290575
85680,0.0910425
52936,0.0260252
25932,-0.0682235
107868,-0.0039717
28193,-0.0419471
75472,-0.0619945
147072,-0.0510257
73102,-0.0512783
152350,-0.048892
178929,-0.0507226
22718,-0.059738
72640,-0.0628573
112904,-0.0485354
176891,-0.0424849
41667,0.0115952
163002,-0.0593054
96888,-0.0670591
31011,-0.0036541
107920,-0.0167699
155127,-0.0474113
11058,-0.0264875
61737,-0.0593178
155957,-0.0493049
22460,-0.045527
127019,-0.0409819
161302,0.0277065
65645,-0.0055803
104225,-0.0306578
132716,-0.0000252
51387,-0.0574653
43787,-0.0467675
104635,-0.0190184
103354,-0.0552387
43466,-0.0401153
18670,-0.0194992
32090,-0.0533539
93441,-0.0412817
81184,-0.0189168
18162,-0.0326656
115076,0.006534
69447,-0.0445594
153473,-0.0729795
130954,0.0046302
154852,-0.0395001
149851,-0.0363052
132486,-0.0584305
142426,0.0433056
134390,0.1944338
148382,-0.053278
177726,-0.0309821
70174,0.0321066
120478,-0.0386913
33881,-0.0603262
164543,-0.0526881
74171,-0.06119
160680,-0.0307843
60847,-0.0564334
92836,0.0621808
166672,-0.0483478
156151,-0.06499
50564,-0.0481003
73594,-0.0540824
112245,0.0265846
163253,-0.0665684
83133,-0.0021906
124233,-0.0233749
152500,-0.047612
69250,-0.0328084
135725,-0.0029725
64719,-0.0496459
96058,-0.0589882
75150,0.1317275
95747,0.0389424
73736,-0.0689389
30274,0.0307092
124493,0.0158421
77475,-0.0435818
91731,-0.0470492
12144,-0.0050116
36060,-0.0633482
91232,-0.0024644
59826,-0.0175969
32544,-0.0499913
42771,-0.0624378
28497,-0.0495533
162327,-0.0593625
114453,0.0477385
113395,-0.0586487
153589,-0.0523483
87291,-0.041748
101840,-0.0435367
102703,-0.0172987
136278,-0.0578066
64345,-0.0209857
53577,-0.0499694
139982,-0.0340948
100004,-0.0480598
107975,0.0003422
136483,-0.0097843
87139,-0.0379068
85840,-0.0363055
112263,-0.0606615
179855,-0.048363
74923,-0.0570896
179837,-0.0231105
130366,-0.0501681
65431,0.0583466
138084,0.0179707
93067,-0.0365959
93021,0.0576199
86133,-0.0253701
129987,-0.0574318
153972,-0.0598784
159491,-0.022537
95239,0.0745441
74859,0.3552223
8014,0.0276978
47630,-0.0496848
162452,-0.050993
178956,-0.0199381
162194,-0.0069897
6397,-0.0633467
26840,-0.0418412
56666,-0.023401
134755,-0.043848
74956,-0.064
173686,-0.0424541
57706,0.0837603
166137,-0.0570036
169253,-0.0362928
169182,-0.0158498
51010,-0.0588695
51804,-0.0272909
115520,-0.0296982
158966,-0.0122295
63447,-0.0622811
17423,0.0117824
176338,-0.0486939
142239,0.0854479
27169,-0.0171226
33541,-0.0060398
125105,-0.0472798
70986,-0.0818905
154497,-0.0443509
174496,-0.0581434
122463,-0.0485135
3841,-0.1160528
98738,-0.045634
149227,-0.0397046
45334,-0.0637393
36499,-0.2189986
87576,-0.0047723
76718,-0.0536003
146502,-0.0796789
145827,0.084337
51056,-0.0491028
149316,-0.0231746
121153,0.0121066
46867,-0.0426042
37057,-0.060225
93735,-0.0272057
11995,-0.0209304
153062,-0.0303471
75338,-0.0650735
87175,-0.0175343
24837,-0.0586289
121466,-0.0526637
16132,-0.0060301
44462,-0.0320032
126022,-0.0447721
122613,-0.0690814
139143,-0.0332766
9333,0.060107
73629,0.2674633
33435,-0.0494617
140869,-0.0601673
144893,-0.068007
3459,-0.0450214
132805,0.027396
54699,-0.0563349
126503,-0.0554821
108151,-0.0305232
59041,0.012705
100521,-0.042757
126228,-0.0522644
62360,0.0063125
125999,-0.0232384
12091,-0.0567656
142612,-0.0521454
177879,-0.0589019
152662,-0.0418309
171325,-0.017347
46439,-0.0673005
34075,-0.013455
109773,-0.0534526
61256,-0.0588796
103960,-0.0453699
164277,-0.0566351
58552,0.0023878
175260,-0.0630464
69303,-0.0463966
124803,-0.0472972
144232,-0.0010524
19249,-0.0359724
13999,-0.0390843
25825,0.0169077
136241,-0.0281992
113894,-0.0620422
118469,-0.0308142
125141,-0.0704374
179828,-0.0541412
160528,-0.0611086
87362,-0.0239544
35054,-0.0549122
152172,-0.0512618
150935,0.0069516
42913,-0.026394
104118,-0.0384253
104582,-0.0074535
17771,0.1071659
160261,0.0506535
130678,0.0983944
84629,0.0191837
156213,0.0077203
53639,-0.0533875
79237,-0.058008
46108,-0.0926456
31716,-0.0310252
155546,0.0974475
9459,0.0219938
44328,-0.0530891
80846,0.0845317
14450,-0.0513588
69615,-0.0526581
63152,-0.0141115
145293,0.0077378
12920,-0.0383873
148426,-0.0351604
85056,-0.0356238
32633,-0.0306435
95499,0.0084951
91535,-0.059908
90119,-0.0474279
9280,0.0207586
159785,0.0005547
28077,-0.0488976
175509,-0.0623354
84656,-0.0396314
112959,-0.06812
1348,-0.0313743
142337,-0.0514973
103309,-0.0639129
151077,-0.0108059
91624,-0.0779157
62903,0.01083
160644,-0.0351454
137229,-0.0209842
46910,-0.0199484
17851,-0.0271131
25488,-0.0514661
163789,-0.0498246
40465,-0.0544323
34770,-0.0316538
67906,-0.0181528
60099,-0.0364404
172377,-0.0548492
171272,-0.0524968
126674,-0.0600303
141535,-0.0487046
87246,0.0644951
119331,-0.0755177
71607,-0.0518265
101804,0.0083827
71858,-0.0439252
48842,-0.0473856
103568,-0.0458345
175732,-0.0555014
122551,-0.0291948
65752,-0.00013
35759,0.013615
125472,-0.0530012
143888,-0.0458955
159525,-0.0608755
145220,-0.0533462
30416,0.0043278
74028,-0.0707024
121108,-0.0101846
81415,-0.0532801
143806,-0.0275349
48682,-0.033693
150445,-0.0030748
27212,-0.0079284
179980,-0.0414383
158010,0.0280973
129585,-0.0470816
38580,-0.0543639
174290,-0.0501593
179533,0.1165913
13757,0.012342
46377,-0.0572578
115147,-0.0447121
55838,0.0593618
102909,0.0043864
12126,0.0246772
44989,-0.053478
10532,-0.046698
127536,-0.0469253
112771,-0.0598504
37217,-0.0025671
2915,-0.0442946
109354,0.00346
96940,-0.0223512
74242,-0.0606298
159482,-0.0499761
62798,-0.0270243
39959,-0.0782015
158608,-0.0367031
121242,-0.0414459
56773,-0.0543919
53247,-0.0471817
64773,0.0351339
30069,0.000392
151497,-0.0360221
138869,-0.0598196
155403,-0.0483218
93209,-0.0356332
85467,-0.0692557
73013,-0.0781492
111275,-0.0398556
37672,-0.057285
168675,-0.0360596
160172,-0.0543135
86687,-0.0123465
127224,-0.0493564
39694,-0.0517688
127625,-0.0530446
146995,-0.0352228
76996,-0.046017
166182,-0.0558611
58794,-0.0540594
78454,-0.0715511
18475,-0.0197173
140501,-0.0437526
74359,-0.0478836
75515,-0.0466461
69170,-0.0490853
53103,-0.047503
6048,-0.0511467
95293,0.0154094
133330,0.0401435
93646,-0.0135846
94768,-0.0460407
116723,-0.0580143
133615,-0.0473632
159428,-0.036415
113493,-0.0585515
34645,-0.0397674
125757,-0.0662257
124634,-0.036603
165336,-0.0554999
4240,-0.0137442
178885,-0.0541662
33729,-0.0224397
11584,0.0277468
51118,-0.0638584
154665,-0.0476398
124938,0.0267194
69394,-0.0590718
54485,0.0749359
123479,-0.0328594
84175,-0.0450917
170792,-0.0505616
153909,-0.0858595
145104,-0.0272829
86990,-0.01269
75098,-0.025991
146370,-0.004372
137540,-0.0313279
137103,-0.0578544
161543,-0.0488018
101341,-0.0608542
174156,0.0296034
132681,-0.0258549
156035,0.0366875
100317,-0.0655357
24089,-0.0669627
5210,-0.0193298
92989,-0.0440862
84460,-0.0434503
80285,0.1042841
90208,-0.0190395
39266,-0.054859
2988,-0.0494829
100870,0.0414822
94107,-0.0295151
26582,0.1623567
180037,-0.0635246
113607,-0.0508392
114514,-0.036744
69964,-0.0148708
179864,-0.0063247
137960,-0.014563
40241,-0.0296496
59283,-0.0490456
105570,0.1641468
53675,-0.0085593
87843,-0.0536404
56461,-0.0368696
126772,-0.0308085
130231,-0.062772
179775,-0.0139398
11735,-0.0566699
65841,-0.0533559
4268,-0.0529873
2130,0.0052673
61069,-0.055818
129745,-0.0555891
115897,-0.0587911
97919,0.0652472
140477,-0.0299746
1794,0.0111705
106648,-0.0079074
77910,-0.007368
167071,-0.0365095
111444,-0.0661736
130320,-0.060971
75221,-0.0222726
131407,-0.0250279
47079,-0.0476976
119723,0.0138477
54412,-0.0362013
144303,-0.0251544
57948,-0.022042
10417,-0.0334006
4302,-0.0526422
111587,-0.0676793
96334,-0.070514
117925,0.0799508
98337,-0.0447865
88788,0.0314494
94269,-0.0581941
71634,-0.06117
99539,-0.0578816
89428,-0.0526096
74867,-0.0549188
152412,-0.050132
162149,-0.0613196
61513,-0.0261209
26804,-0.0310649
56568,-0.0305268
105712,-0.0317718
171021,-0.0173398
162498,-0.0455632
65681,-0.0328751
149655,-0.0328818
125622,-0.059843
153829,-0.0339129
40857,-0.0590359
60598,0.0453412
108696,-0.0472153
179999,-0.056083
12849,-0.0277419
43563,-0.0116101
142854,-0.0585484
102348,-0.0446635
41284,-0.0564344
6976,0.0003536
71199,-0.0386497
7945,-0.0234233
58918,-0.0245281
19695,-0.0404339
127251,-0.0278656
108017,-0.0364231
93717,-0.0366113
142499,-0.0788379
37280,-0.0543301
159464,-0.0445035
101458,-0.0445275
149138,-0.034137
29092,-0.0069791
154585,-0.0620595
166315,-0.0598098
25362,-0.0630479
44257,-0.0560279
50479,-0.0395668
14922,-0.0088472
26742,0.003202
158109,-0.0085677
94688,-0.0228294
149370,-0.012944
63286,0.0448688
151549,-0.0555913
159473,-0.0280846
113518,-0.0549353
179463,0.1154464
158528,-0.0213116
81754,-0.0530055
178689,-0.0304391
42464,-0.0194273
131256,-0.0199027
119625,-0.0070082
124117,-0.0555644
159339,-0.0106056
21971,-0.0568294
55446,-0.0513263
64639,-0.0286879
10006,-0.0586588
113625,-0.0564761
141946,-0.0437126
91447,-0.0615206
118511,-0.0690133
46313,-0.036862
41417,0.1212093
34477,-0.0463721
147036,-0.045381
40544,0.0261856
54109,-0.0616269
66223,-0.0478798
62253,-0.0488295
74536,-0.0414251
115851,-0.0004989
133429,-0.0443969
68565,-0.0439586
117113,-0.0488731
42449,-0.0222531
53700,-0.0563368
37324,-0.0463798
48138,-0.0367428
98113,-0.0655909
172457,-0.027769
66438,-0.0430716
141027,-0.0772911
102945,-0.0119002
132752,-0.0504724
44391,-0.0123394
125677,0.0311405
138538,-0.0525225
33202,-0.0184444
40820,-0.0433832
57644,0.0104547
58142,0.023195
121876,-0.0606262
126825,-0.0588213
140208,-0.052139
38811,-0.0257275
68529,-0.0191877
110740,-0.0343792
70094,0.0101771
179953,-0.0347609
180046,-0.0213153
131069,-0.0092558
133018,-0.016445
46554,-0.041028
81264,-0.0077492
155145,-0.0547565
32153,-0.01844
156277,-0.0386766
12778,0.0272177
151576,-0.0647685
148612,-0.024555
128436,-0.0265783
137504,-0.055739
29154,-0.038616
97811,-0.0401312
151488,0.0115882
174085,-0.0577012
169681,-0.031548
151344,-0.044629
29519,-0.0228301
1936,-0.0418214
178545,-0.0408178
83491,0.0842642
96254,0.0137785
37100,-0.0483954
36756,-0.0482946
130847,0.1428803
140244,-0.0463204
77153,-0.0431874
94223,-0.0503433
176301,-0.0334899
159071,-0.0237291
138431,0.0188091
111989,-0.0588205
93815,-0.0477023
48021,-0.0622125
45361,-0.0449565
148872,-0.0408955
152314,-0.0633841
30773,0.0439869
107582,-0.0425537
21196,-0.0527254
102071,-0.0362845
88868,-0.0504262
52856,-0.0653221
17398,-0.0431501
172581,-0.0520816
23797,-0.0329746
129718,-0.005097
143922,-0.0512425
147884,-0.0477581
94562,-0.0387951
162693,-0.0706253
47818,-0.0728703
179604,-0.0726208
14584,-0.029323
128864,-0.0558911
20411,0.0281835
95088,0.0402876
136553,-0.0023467
27329,-0.0566004
65921,-0.0632437
88092,-0.0393085
7865,-0.0494085
164687,-0.0404358
164133,-0.0243375
137746,-0.0278785
111863,-0.0490582
166869,-0.0670013
156669,-0.0294269
178910,-0.0574345
95355,-0.0720976
145140,-0.0510229
52785,-0.0450073
103862,-0.0366496
64826,-0.0299394
39658,-0.0681024
22380,-0.0216907
21249,-0.0322168
90066,-0.0615367
92783,-0.0631638
150294,-0.0348123
16329,-0.0031436
108712,0.0096713
177352,-0.0141696
70879,-0.0734315
179935,-0.0403268
12206,-0.0347859
72276,-0.0606359
133278,-0.0482385
177986,-0.044549
4366,0.0910352
148729,-0.0176422
24276,-0.0482767
158314,-0.0568082
154166,-0.0495107
151978,-0.0422043
145961,-0.0083992
105534,0.0052233
176150,-0.0440934
150070,-0.0335028
93487,0.0099668
76157,-0.0549636
3397,0.0778307
101190,-0.0227519
122285,-0.0343786
89687,-0.0531803
178947,-0.0401748
179285,0.0676454
50399,-0.0383342
62878,-0.0462961
29724,-0.0430914
180028,-0.0564986
53728,-0.0167854
83749,-0.0023534
125178,-0.0625881
151905,-0.0567763
143502,-0.0112328
96147,-0.0638422
94731,-0.0014732
12509,-0.0199791
104975,-0.0588635
100852,-0.0471013
100754,-0.0457058
177236,-0.0444797
115575,0.0076121
73567,-0.0275391
147580,-0.0400558
53372,0.0337195
31565,-0.0342246
66152,-0.0164938
165069,-0.0583688
8826,0.0211817
51699,0.0492415
179711,-0.0523632
162595,-0.0522455
107546,-0.0430885
173374,-0.0515744
133866,-0.0891915
139884,-0.0416573
101617,-0.019898
47006,-0.0215696
177799,-0.0426403
101145,0.1068183
112879,-0.0424911
144651,-0.0547221
53425,-0.0241651
79497,-0.0607928
22665,-0.0569532
104831,-0.0137333
43117,-0.0570534
87665,0.0120453
64265,-0.0475597
66081,-0.0342134
106746,-0.0495915
141376,0.0528966
146799,-0.0325016
120254,-0.0522868
150588,-0.0488737
179908,-0.0610435
168229,-0.0104893
157193,-0.0564219
149931,0.0280263
133090,-0.0468685
78329,-0.0913569
47916,-0.045153
68342,-0.0364143
23715,0.0016134
53069,-0.0415245
155528,-0.0015058
103194,-0.0487614
179793,-0.0423306
37850,-0.0576729
9495,0.0329034
12037,-0.0063561
179481,0.3036414
9832,-0.0384719
133919,-0.0464145
108874,-0.0353551
67942,-0.0479704
39122,-0.0669494
158136,-0.0661315
141722,-0.0310353
48325,-0.0095094
166770,-0.0497251
9798,-0.0452222
135226,-0.0025559
129139,-0.0422455
20359,0.0143961
28530,-0.0239743
136198,-0.0560577
111220,-0.1057516
169119,-0.0361438
77812,-0.0374003
77082,-0.0466649
27007,-0.00191
69330,-0.0575087
21668,-0.0479218
39975,-0.0549442
63937,-0.0554041
161106,-0.0511432
107733,-0.0331203
88449,-0.0053111
177557,-0.0309774
10293,0.0031521
52160,-0.0634004
53489,-0.036338
114417,0.0621435
126433,0.003612
65869,-0.0477204
147161,-0.0333479
143067,-0.0684517
86936,0.0418569
37011,-0.054012
42236,-0.0096513
78873,-0.0537055
87638,-0.0084761
117998,-0.0421582
173230,0.0171187
163681,-0.0063115
11664,-0.0672913
102838,-0.0612617
4525,-0.0382425
112664,-0.0554006
89026,-0.0617185
18411,-0.0500062
167909,-0.0598458
14165,-0.0038371
155243,-0.0234943
60801,-0.0508282
38376,-0.0674701
59764,-0.0163056
108222,-0.028533
52062,-0.064386
126148,-0.0469161
14726,-0.0570363
56522,-0.0380576
177003,-0.0493953
135789,-0.0150938
178965,-0.0651078
102213,0.0614131
132226,-0.0421212
113466,-0.0629438
134014,-0.0030771
95612,-0.0565545
111818,-0.0503331
94161,-0.013584
84264,0.0176686
61871,-0.0420533
58721,-0.0246967
118575,-0.064327
5336,0.0248125
11502,-0.0275099
99673,-0.0692289
108632,-0.0411634
51984,-0.0538993
21454,-0.0440851
129656,-0.0178306
142122,-0.0184116
54270,-0.0524756
18028,-0.0187506
174860,-0.0388598
172082,0.0971298
122702,0.0259754
124849,-0.0460825
179677,-0.0320889
97553,-0.067068
3958,-0.0503985
51626,-0.0387905
152617,-0.0494766
171806,-0.0421477
130892,0.0574284
62280,-0.0167074
132011,-0.0518288
122392,-0.033961
176748,-0.0101183
23387,-0.0491079
117783,-0.0297416
84148,-0.0520505
35429,-0.0608414
177655,-0.0559872
17209,-0.0008237
53274,0.0130865
62672,-0.0433334
170220,0.0079409
161525,-0.0613253
82047,-0.0449425
110232,-0.0523074
125123,-0.0637275
79834,-0.0312571
54163,-0.0617197
85289,-0.0651319
153400,-0.048754
67773,-0.0402862
157246,0.0504955
43992,-0.0294051
51948,-0.0131368
173793,-0.0559288
16908,-0.0166372
30149,0.0651789
85127,-0.0259671
140627,-0.0221899
115637,-0.0389695
152528,-0.0553529
66401,-0.0125041
148097,-0.0422617
58204,0.0091889
154932,-0.0472267
104047,-0.0462644
76585,-0.0417878
150043,-0.016046
119750,-0.0341328
135896,-0.0254761
140770,-0.0601044
53853,-0.0521981
117426,-0.0437944
165719,-0.0691064
59130,-0.0498513
38241,-0.0441768
97875,-0.0613095
108945,0.0165146
63580,-0.0591824
62057,-0.0552579
28139,-0.062127
149101,-0.0066906
179659,-0.034901
104270,-0.0275291
96815,-0.0507529
149539,-0.0342666
168960,-0.0369388
13668,-0.0366864
52758,-0.0169185
134942,-0.039111
66697,-0.0201782
154013,-0.0151055
40526,-0.0617188
137274,-0.049108
170685,-0.1121546
67256,-0.0531774
126077,-0.0374498
172947,-0.0457968
41738,-0.0424408
124411,-0.0409175
108614,-0.0275055
11940,-0.0484085
169896,-0.0341032
19141,-0.0584733
123255,-0.0601517
98373,-0.046513
38982,-0.0695347
39220,-0.0399912
50228,-0.0372279
129629,-0.0454506
41621,0.0582212
108366,-0.0344937
138770,-0.0400521
167311,-0.0425805
132075,0.092957
42003,-0.0265028
10827,0.0185137
43698,-0.0806134
73371,-0.0636536
45003,-0.061355
104788,-0.0654004
69900,-0.0262936
104751,-0.0487869
30229,-0.0583047
39328,-0.0688348
66768,-0.0427752
139358,-0.0239809
59586,-0.0500557
34547,-0.0503126
18741,-0.0192881
158895,0.0096873
119803,-0.0658412
107350,-0.0217353
103130,0.0077073
144795,-0.0586973
45101,-0.0234732
174824,0.0413452
117827,-0.0348295
166235,-0.0636928
136802,-0.0333692
15901,-0.0181391
75766,-0.051867
168755,-0.0578876
112806,-0.0497074
86339,-0.0394326
120370,-0.0515209
129040,-0.0534597
79406,-0.0631924
46251,-0.0558372
130295,-0.0664604
15741,-0.0449475
129282,-0.0270915
99290,-0.0533393
44060,-0.0422675
179944,-0.060683
154228,-0.0371343
102794,-0.0061507
146744,-0.0382109
141884,-0.0749623
62823,-0.0563117
123674,-0.0440384
26338,-0.0393799
97606,-0.0461286
134853,-0.0584137
55106,-0.018338
28709,-0.0089816
152564,-0.0539478
155136,-0.0433756
162871,-0.0563313
68468,-0.0310948
132315,0.043067
31609,-0.0351493
32811,-0.0292747
124206,-0.0357729
158243,-0.0092213
36907,-0.0584662
125659,-0.0458786
52954,-0.0543249
74581,-0.0555793
95159,0.0097662
125873,0.0185094
54500,-0.0259505
73923,-0.0009948
98827,-0.0495271
41471,0.0769257
86366,0.0022643
76175,-0.0585649
28816,-0.0491068
124750,-0.031843
118824,-0.0574533
19560,-0.0436083
41382,-0.0423893
34262,-0.0172904
96423,-0.0535458
56265,-0.0855401
71885,-0.0151101
154914,-0.0480362
67292,-0.0538433
87745,-0.0309664
93888,-0.0678918
11762,-0.059089
155118,-0.0226255
161035,-0.0115151
101056,-0.0356917
68048,-0.052462
77536,-0.05935
42842,-0.0306993
6930,-0.0388702
32161,0.0897497
51449,-0.047418
38161,-0.0374941
41854,-0.0155188
165130,-0.0633306
32955,-0.0509009
177469,-0.0306885
122668,-0.034412
9026,-0.0291026
69526,-0.0554609
30915,-0.0686854
74750,-0.0509241
80980,-0.0518576
129567,-0.0484204
121386,-0.055801
135949,-0.0039535
174744,-0.0169984
71910,-0.054958
148328,-0.0571417
112030,-0.0592874
64425,0.0292908
110456,-0.066643
145667,-0.0511742
143682,-0.0644961
1213,-0.0411485
64130,-0.0335381
4767,-0.0539043
154460,-0.042533
28889,-0.0594962
54537,-0.0346306
160993,-0.0515916
136848,-0.0299028
47300,-0.0474578
102641,0.0199446
152993,-0.0463514
27935,-0.0397779
5167,-0.0420571
139394,0.0038545
48744,-0.05943
76139,-0.0412254
53345,-0.0603563
40394,-0.0638275
179891,-0.0449793
176855,-0.0359667
151521,-0.037593
57582,0.0709312
155591,-0.0440809
142373,-0.061343
145275,-0.0006385
20297,-0.01694
139107,-0.0488385
10239,-0.0476911
100086,-0.0570719
17619,-0.0174771
56425,0.0319694
156473,-0.014299
80043,-0.0626882
82779,-0.0580166
6217,0.0021968
72383,-0.0481749
100353,0.0870088
148006,-0.0581739
89954,-0.0553071
104519,-0.0404864
31057,-0.0515864
153204,-0.0263851
146584,-0.0248757
78926,-0.0613951
159455,-0.048957
41033,0.0575832
40768,-0.0452811
179819,-0.0150868
70897,-0.0389342
161561,-0.0512963
122249,-0.0417882
160430,-0.0080792
140146,-0.0343168
63294,-0.0504299
35312,-0.0505423
154068,-0.0615204
31921,-0.0515429
8158,-0.0328241
84558,-0.0152137
99968,-0.0279015
43331,-0.039537
125418,-0.0614301
76969,-0.0451281
152127,-0.0535634
167641,-0.0673639
26699,-0.0261854
93851,0.0178178
171209,-0.04939
136713,-0.0348732
162381,-0.0704012
50415,-0.0374444
100273,-0.0537824
109041,-0.0195397
34618,-0.0131728
122025,0.0102629
142710,0.0016818
83464,-0.0252871
10346,-0.047502
63189,-0.0546389
106461,0.0618345
158564,0.042174
63045,-0.0381406
159375,-0.037868
84754,-0.052814
28246,-0.0236527
111550,-0.0526896
33177,-0.0167173
144116,-0.0468685
81497,-0.0630685
179613,-0.0333735
141312,-0.0509328
11174,-0.0256397
102035,0.0976024
30470,-0.0458384
140583,-0.0508842
108552,-0.0524122
86453,-0.0548104
24631,-0.0304851
118799,-0.0387695
74883,-0.0566428
161259,-0.0337769
152270,-0.0440244
40928,-0.0171542
22166,-0.0147281
64318,-0.0200706
134096,-0.020465
29467,-0.0305526
59416,0.0462706
28665,-0.0364722
105259,-0.0410886
67648,-0.0379769
159393,-0.0475098
116983,-0.0212766
58990,-0.0519044
89561,-0.0719145
163903,-0.0490053
27383,-0.0370331
68431,-0.061692
144410,-0.0535358
31333,-0.005281
118058,-0.0432211
100344,-0.0673777
72463,-0.0530596
126380,-0.0594506
5103,-0.0067083
133394,-0.0420469
76558,-0.0528578
83936,-0.0171119
83320,-0.0181726
12643,-0.0056534
179383,0.1250037
87424,-0.0564554
58008,-0.0401592
167794,-0.0615977
149049,-0.0412255
22834,-0.0545591
130384,-0.0711053
140324,-0.0435831
17824,0.0086507
63278,-0.0388418
80677,-0.0382722
71698,-0.0390624
132841,-0.0442366
55277,0.0357104
24766,-0.0508182
164829,-0.0647394
33845,-0.0566986
4106,-0.0596837
63170,-0.0414179
68921,-0.0391627
156311,-0.0226989
86479,0.0282427
4482,-0.0484509
145934,-0.0632575
125061,0.0089191
23127,-0.0646407
38063,0.0220756
169583,-0.073506
46830,-0.0610576
159507,-0.056347
158449,-0.0282911
43867,-0.0489368
156801,-0.0598152
103443,-0.0443279
21506,-0.0182726
122864,-0.0594994
29813,-0.0494249
66580,-0.026334
2381,-0.0518971
61318,-0.038393
122347,-0.0408433
67014,-0.050032
65105,-0.0407831
17496,0.0969703
90663,0.060202
159213,-0.0389076
105106,-0.0226324
169994,-0.024436
91054,-0.0546208
31976,-0.0225749
60570,0.0762557
72034,-0.049795
154282,-0.0557431
1151,-0.0587347
65413,-0.0161395
27285,-0.0548034
71260,-0.0157669
161133,-0.0724315
44202,-0.0202352
72677,-0.0552191
100610,-0.0360681
179757,-0.0374911
63633,-0.0360816
135547,-0.0413237
154996,-0.0426048
47578,-0.0499498
84237,-0.052901
80711,-0.0413557
32394,-0.0015729
105605,-0.0154258
94492,-0.0231194
86446,-0.055551
13622,-0.0085683
85243,-0.1533148
128472,-0.0370947
63334,-0.0264059
28941,-0.0172649
133795,-0.0210009
171995,-0.0224097
112334,-0.0583161
76282,-0.0425021
42058,-0.0204549
49046,-0.0469453
36300,-0.0210975
116340,0.1260179
176551,-0.0658045
99780,-0.0592735
106620,0.0117185
109005,-0.0490247
25692,-0.0580162
73665,-0.0554378
98998,-0.039983
107715,-0.0322902
152797,-0.0692926
116439,-0.0425346
157451,-0.0149263
71126,-0.0469082
159384,0.0142109
73335,-0.0138164
128052,-0.0516958
105142,-0.0345836
117505,-0.0610425
13891,-0.0469375
123013,-0.0574459
18554,-0.0398013
172992,-0.055497
174254,0.010688
134648,-0.0506425
123228,-0.0465772
139740,-0.0250285
62949,-0.0642258
144928,-0.0528241
72007,-0.0627242
110571,-0.0584919
158859,-0.023098
142881,-0.0265458
107270,-0.0649316
119661,-0.0265567
95792,-0.0177424
47417,-0.0844365
127812,-0.0575956
141786,-0.048704
6468,-0.0315919
132271,-0.0412144
46803,-0.0416941
153936,-0.0115068
10701,-0.058012
123424,-0.0508585
108963,-0.022528
64906,0.0036929
85920,-0.0053178
37823,-0.0553735
180091,-0.0549921
106782,-0.0549181
153339,-0.0112656
72098,-0.0593481
157497,-0.0228045
49849,-0.0194601
13819,-0.0431135
30719,-0.0277458
125132,-0.0695793
100638,-0.0198707
42101,-0.0060285
180064,-0.0530798
11398,-0.0101509
125016,-0.006954
161794,-0.0516462
155289,0.2609437
71812,-0.0392165
137032,-0.0519055
27631,0.1941786
44355,-0.0625495
61167,-0.0454565
161829,-0.034594
151736,-0.0214684
39612,-0.0418039
70110,0.0405388
30014,0.0787645
143520,-0.0422902
24711,-0.0224412
74322,-0.0427748
150524,-0.0500844
161179,-0.0083759
12912,-0.0137914
122953,0.0089921
160458,-0.0159726
96003,-0.0492692
105455,-0.0332479
14049,-0.0294142
118209,-0.0505639
99165,-0.0405345
45389,-0.0661745
96904,-0.0636595
125846,-0.0525326
74705,-0.0688707
114319,-0.0425257
147660,0.0081129
48968,-0.0240098
178046,-0.056305
32768,-0.0810625
153026,-0.0547135
163486,-0.0731479
179917,-0.0485808
163618,-0.0491854
20965,-0.0534879
92658,-0.0221928
49019,-0.0437458
14940,-0.0283516
15313,-0.0526808
130981,-0.002244
22111,-0.0573901
122828,-0.0300941
10916,-0.0451183
156357,-0.0629908
164339,-0.0547392
64942,-0.0345896
22237,-0.0640232
157781,-0.0166877
157736,-0.0253851
144152,0.0280128
120771,0.0781992
108268,-0.0199953
72052,-0.0640708
103087,-0.013187
124073,-0.043907
172698,-0.0419661
123175,-0.047769
97321,-0.0602683
128711,-0.0493805
11423,-0.0635239
66330,-0.0279222
17101,-0.0370873
118370,-0.028486
89240,-0.0130208
6547,0.0069476
167286,-0.0538832
53210,-0.0491454
132137,-0.0654093
137185,0.0362945
85788,-0.0417721
174780,0.1655114
125169,-0.0341679
84825,0.0434507
37912,-0.048116
93101,-0.0223953
130357,-0.058579
63777,-0.0162548
42076,-0.0549977
101243,-0.0385095
97241,-0.079202
109176,-0.0692319
40198,-0.0027603
153776,-0.0304513
26118,-0.0629174
170097,-0.0735485
134050,-0.034559
100362,-0.0607916
77260,-0.0687206
84594,-0.0162966
7446,-0.0143968
122908,-0.0179185
42480,-0.0488081
51243,-0.038734
162069,-0.0590206
82243,-0.0501845
70502,-0.0428489
21757,-0.0458359
84344,0.0003968
120343,-0.0519931
39836,-0.0647684
143487,0.0343442
143021,-0.0141512
108400,-0.0037669
143619,0.0289546
12876,0.0790477
100781,-0.0136278
34985,-0.0413404
140823,0.137803
112995,-0.0188855
90994,0.0034389
158804,-0.0543847
103014,-0.0447928
83981,-0.0535765
54573,-0.0506001
29662,-0.0430302
69063,-0.0525355
135315,-0.0258463
83151,0.0731436
111417,-0.070124
121340,-0.0486085
103693,-0.026754
6761,0.0203353
101742,0.1470442
142676,-0.0627249
163208,-0.0596592
43073,-0.0263266
156927,-0.0129543
86438,-0.0156163
25745,-0.0540086
64096,-0.0303766
116126,-0.0482698
85626,-0.0148741
179640,-0.0340842
97009,-0.0316121
62397,-0.0614566
104083,-0.0493345
114355,0.0801212
102419,-0.0433089
145202,-0.0333025
157031,-0.0380252
157923,-0.0384506
70520,-0.0522251
86519,-0.0453573
14272,-0.0412065
159035,-0.0446931
127493,-0.0349137
98774,-0.0491818
5577,0.0154913
31128,-0.0426934
42708,0.0628046
74949,-0.0472271
135244,-0.0500071
79308,0.0140967
30568,-0.052553
120511,-0.0448621
55357,0.0160086
35269,-0.039599
101519,0.0215908
50022,0.027835
61283,-0.0373179
73852,-0.0483792
151790,-0.0216879
15108,0.0049168
78141,0.0184107
179515,0.0773848
178901,-0.0459454
12368,-0.003391
133562,-0.0374318
132645,-0.0479897
9574,-0.0420546
3805,-0.0553434
112469,-0.0053659
150766,-0.0519239
167222,-0.0650942
72980,-0.0605314
171101,0.0594368
71457,-0.0501627
154139,-0.0501928
62538,-0.0452379
20055,-0.0608545
131620,-0.0376953
104485,-0.0159309
129503,-0.060971
160911,-0.0203925
160564,-0.0420935
62137,-0.0236239
26029,-0.0461909
134336,-0.0598279
39051,-0.06679
156589,-0.0547133
36809,-0.0744563
17254,-0.0514741
159446,-0.0142869
44177,-0.0466008
81861,-0.035408
77601,-0.0585931
73996,-0.0442549
59693,-0.0467718
48922,-0.0755786
32660,-0.0321023
108491,-0.0368586
83632,-0.0097231
21855,-0.0463595
89856,-0.0290967
175938,-0.0648496
166413,-0.0539316
96110,-0.0327334
162014,-0.045615
52696,-0.0528349
61210,-0.0352194
26361,-0.0277395
115824,-0.0145542
109265,-0.0546049
114925,-0.0616117
11637,-0.0059587
167268,-0.0609508
124563,0.0147945
122061,-0.0447677
108892,-0.0417739
9930,-0.040095
144964,0.0225148
129184,-0.0410681
57831,-0.0588908
49073,-0.0331418
155724,-0.0329156
55008,-0.0239207
116493,0.007507
171879,-0.0028583
133688,0.018535
20670,-0.0169249
62761,-0.0602436
146628,-0.0368274
32027,-0.0233991
171469,-0.0401894
64390,-0.0475028
146655,-0.0738825
55311,0.0234677
44818,0.0023982
103470,-0.0470503
46484,-0.0174973
111783,-0.0554493
12340,-0.0187218
37397,-0.0482314
178821,-0.0408127
67407,-0.0226872
159614,-0.0243111
41818,-0.0376126
150980,-0.0284343
60455,-0.0369415
43279,-0.0636461
89348,-0.0163654
40438,0.0416768
116395,-0.0288629
27436,0.0889954
74135,-0.0675492
149968,-0.0497184
16613,-0.0431714
39391,-0.0419192
179631,-0.0482197
66009,-0.0045675
167259,-0.0520112
129317,-0.0465881
115959,-0.0166003
82831,-0.0458977
50068,-0.0413042
146263,-0.0242286
58311,-0.0268877
93628,0.0185048
61675,-0.0503184
64461,-0.0157609
100576,0.0012542
97722,-0.0456587
119153,-0.0300435
91330,0.0577779
76932,-0.0527958
25068,-0.0128571
168602,0.0246779
148453,-0.0511393
15830,-0.034657
147526,0.0035327
40035,-0.0674481
78748,-0.0387784
164393,-0.0534312
124331,-0.0651897
150196,-0.0415216
63740,-0.0374483
179702,-0.039868
70316,-0.0618745
163734,-0.0535553
120138,-0.0589987
148131,0.0083363
167320,-0.0466522
165185,-0.0507821
66731,-0.0091214
55062,-0.0108698
127901,-0.0206949
45539,-0.0618263
37770,-0.035425
151512,-0.0416897
154308,-0.076683
79585,-0.0443476
172153,-0.0587069
160877,-0.0113228
70968,-0.0639942
94330,-0.0534652
174922,-0.0557877
146539,-0.0527525
13276,0.1661554
81095,-0.0303435
114710,-0.0465098
133722,-0.0509231
64005,-0.0344313
86749,-0.0054337
139214,-0.006357
64238,0.0454551
82617,-0.0020234
120726,-0.0310737
67327,0.0085534
52570,-0.0460805
49313,-0.0638764
115389,-0.0249378
23047,-0.0579202
100549,-0.0366763
116545,-0.0610272
16944,0.029434
106559,-0.0483544
55259,-0.0380231
173748,-0.0401735
75668,-0.0207394
129246,-0.0144967
63326,-0.0677675
49956,0.0136383
32884,0.0055938
112600,-0.0564667
151530,-0.0674295
150891,-0.0520143
6592,-0.0380861
75711,-0.0432748
60062,0.0062261
145471,-0.0294668
38731,-0.0459889
55623,-0.0543066
108204,-0.04821
180055,-0.0282825
77561,-0.0646238
116288,-0.0269973
62985,-0.0574089
168309,-0.0561276
62609,-0.0429583
74842,-0.0597305
178750,-0.061486
145907,0.0169865
179971,-0.05588
91688,-0.0273001
74907,-0.060441
93664,-0.0333847
91937,-0.0676969
159259,-0.0381243
30871,0.0230206
151763,-0.01848
74931,-0.0606164
60507,0.0418286
179310,0.2004261
98685,-0.0583311
108035,0.0353932
68128,-0.0186189
76111,-0.0402693
58856,-0.0519684
114970,-0.0113213
40303,0.1330085
177600,-0.0495575
159730,-0.0502729
43732,-0.0534803
72533,-0.0503081
151558,-0.0455411
68789,-0.048847
116046,-0.0336736
147786,-0.0421637
160387,-0.0138168
106979,-0.0362067
19007,-0.0258502
125374,0.0610599
62707,-0.0423256
159366,0.0318987
147358,-0.0273334
115771,-0.0562233
50889,-0.0718415
68716,-0.0476944
23975,-0.0541356
12572,-0.053204
160476,-0.0232742
127171,-0.0541962
59238,-0.0401734
27070,-0.0234481
169306,-0.0481292
158733,-0.049383
152868,-0.0519384
154415,-0.0501335
171067,-0.0192088
36676,-0.0902808
66198,-0.0440741
128659,-0.0345612
117275,-0.0534187
12812,-0.0384557
62191,-0.0109575
53791,-0.0522366
104387,-0.0571433
37547,-0.0565489
43493,-0.0663329
43625,-0.0361256
74915,-0.0445092
169404,-0.0385041
74073,-0.0607337
82396,-0.0543732
37173,-0.079161
179739,-0.0461127
165611,-0.0575052
164892,-0.0509407
77402,-0.0528617
158779,0.0950326
10872,-0.0257172
25861,-0.0357266
129816,-0.0199474
107118,-0.0465895
150356,-0.0424522
63300,-0.0114202
93771,-0.0371738
139250,-0.0183916
9654,-0.038328
97777,-0.0814221
118691,-0.0204798
80427,-0.0645707
9019,-0.0571964
58623,-0.0468407
44845,-0.0496545
48227,-0.0423167
44863,-0.0533414
120968,-0.0590141
65048,-0.0320654
74554,-0.0600021
151095,-0.0478801
176613,-0.0613063
74891,-0.0557321
65342,-0.0434259
163137,-0.0705715
131988,-0.0533161
17334,0.0089416
19999,-0.0472136
161053,0.0556156
42156,-0.0619422
21720,-0.0002059
165416,-0.0527743
126102,-0.0402048
15493,-0.0462641
98202,-0.0488589
125542,-0.0604318
172812,-0.0628011
127689,-0.0235188
109425,-0.0658551
108473,-0.0540259
30336,-0.0481955
179873,-0.0232333
124028,-0.042187
64568,-0.0481435
90725,-0.0330409
135681,-0.0644159
5755,-0.0144942
178180,-0.0113497
143450,-0.002383
160305,-0.0405226
89080,-0.0478902
130375,-0.0501651
175224,-0.0470658
180019,-0.0410629
93156,-0.0101572
180000,-0.0513316
21338,-0.0578286
36202,-0.0494191
36006,-0.0530128
39942,-0.0517592
105419,0.0489097
97394,-0.0471965
58259,0.1451202
143147,-0.0600695
86487,-0.0038733
70673,-0.0625259
145499,0.046254
113849,-0.0615672
138351,0.0149534
94651,-0.0527613
89151,-0.0592916
26320,-0.0154252
51662,-0.0437848
42824,-0.0366727
109096,0.0193109
1071,0.0818769
164197,-0.0609021
176686,-0.0444982
136919,-0.0426253
75203,-0.0395356
81380,-0.0327029
12224,-0.0468011
167240,-0.0576716
116796,-0.0098821
161464,-0.0350708
139937,-0.0702051
37958,-0.0550901
121297,-0.0145042
24427,-0.0567115
151460,-0.0460853
157898,0.0073135
76255,-0.0437099
130785,0.0300015
117667,-0.0500886
104421,-0.0359401
179551,0.2082978
143771,-0.0430452
17968,-0.0258562
50987,-0.0207566
18331,-0.0135486
107662,0.0204798
59498,-0.0380484
155911,-0.0195345
51500,-0.043715
149833,-0.0345195
65477,-0.0054118
79656,0.0034722
45245,-0.0719334
163324,-0.0553003
52909,-0.0466063
157086,-0.0647917
146904,-0.0437852
60026,-0.0278232
31878,-0.0447542
168041,-0.070504
94795,-0.0394866
135404,-0.0331853
92961,-0.0267754
167179,-0.0341713
161552,-0.0496768
155797,-0.0380839
36131,-0.0635958
146325,-0.0131859
120316,0.0043878
138618,0.0001342
153124,-0.0400282
152038,-0.0493817
33621,0.0296059
33658,-0.0622011
83963,-0.0435771
45888,-0.0589738
118931,-0.0230592
60169,-0.0317966
23494,-0.0553315
82555,-0.0582804
163057,-0.059157
170952,-0.0452257
26346,-0.0549692
166985,-0.0258821
76406,-0.0532281
4703,-0.0563029
70352,-0.0851585
74108,-0.0519992
163379,-0.0629518
126978,-0.0524944
7767,-0.029575
136526,-0.0234223
107403,-0.0385864
39168,-0.0648638
55598,0.0289975
78089,0.0183443
126905,-0.0641102
16506,-0.0206303
90538,-0.0472567
170168,-0.0490582
115600,-0.0846416
121652,-0.0230593
145998,-0.0562588
8354,-0.011927
103032,-0.0486835
148667,-0.0429305
29038,-0.0361017
61559,-0.0376186
60721,-0.0024634
81656,-0.0513086
164981,-0.0624694
120218,-0.0692372
72579,-0.0606083
23350,-0.0188998
79077,-0.0594957
155840,-0.0560435
144054,-0.0477737
95667,-0.0474777
128962,-0.0608013
19212,-0.0472335
136964,-0.052003
76638,-0.05784
73709,-0.0587506
155314,0.1243171
137069,-0.0328167
110116,-0.0634186
49439,-0.0465002
167295,-0.0485346
147465,-0.04676
101724,-0.0536128
41943,-0.0319967
63318,-0.0307111
171931,-0.0527815
19793,-0.0673058
5700,-0.0525586
78016,0.1149701
165274,-0.0280188
4927,-0.0142322
62486,-0.0369043
124616,-0.0600148
179766,-0.0603484
108598,-0.0625899
130026,-0.0261974
131274,0.0162536
20876,-0.0720911
61121,-0.0492572
111480,-0.0541109
151503,-0.0011039
73246,-0.0346803
71723,-0.0553546
92097,-0.0788768
17049,-0.0557333
106363,0.0260001
152467,-0.0579843
123790,-0.038739
47186,-0.0442912
87077,-0.0547545
103283,-0.0457213
31789,-0.0537187
138164,-0.0498519
76353,-0.0433672
50923,-0.0627378
154790,0.0150529
34235,-0.0510828
131835,-0.0153889
32045,-0.0147412
38492,-0.050329
83847,-0.0214208
61452,-0.0270211
88350,-0.0159042
67595,-0.0653743
154736,-0.0620148
75258,-0.0373216
19392,-0.051692
44934,-0.0287419
26653,0.1077901
153106,-0.0497818
177101,-0.0413292
76745,-0.0347114
9360,0.028612
143995,-0.0409483
153543,-0.0267389
162791,-0.0659503
154754,-0.0492469
111097,-0.0544839
136269,-0.0382892
60534,0.0004842
53327,-0.0991937
158396,0.1939085
151120,-0.0055239
13169,-0.0064712
61951,-0.0538969
26353,-0.0702272
143959,-0.004089
101902,-0.0153969
34397,-0.0183744
158653,0.0381058
139009,-0.0592948
120496,-0.0470786
32179,-0.0442139
135850,-0.0175467
161231,0.0069045
120888,-0.0063903
99922,-0.0538494
133508,-0.0166565
118995,-0.0459048
76497,-0.0529243
123102,-0.0505007
119858,-0.0422642
40492,-0.0390414
9262,-0.0002732
42183,-0.0210221
92701,-0.0536607
22898,-0.0421863
25521,-0.0669895
97517,-0.045533
26289,-0.0501246
126647,-0.0249066
13392,0.0626427
72819,-0.0551067
76763,-0.0529274
99600,-0.0526036
11307,-0.056567
84923,-0.0243389
176212,-0.0477772
133214,-0.0143291
144456,-0.0373207
43019,-0.0403029
127938,-0.0173948
48557,-0.0397032
105776,-0.0452805
173533,-0.0297975
103764,-0.033464
106407,0.0605382
20563,-0.0356011
173061,-0.0416415
138921,-0.0368291
127411,-0.0548301
127126,-0.0470592
76004,-0.0577834
56096,-0.0352564
149290,-0.0021645
153696,-0.0526895
33514,-0.0540183
164936,0.0153341
105160,0.0119666
157969,-0.0582641
144866,-0.0676622
102473,-0.011368
142079,0.0206353
175466,-0.0341365
128524,-0.0357041
149584,-0.0483457
35152,-0.0407107
132459,-0.0711008
66857,-0.0519309
86188,-0.0023093
12242,0.0441246
175368,-0.043508
54350,-0.0357543
87059,-0.0735381
47774,-0.0458371
105222,-0.0449588
75542,-0.0542689
149682,-0.017961
166529,-0.0470878
120174,-0.0860843
40900,0.3172713
31510,-0.0397783
130062,-0.0517752
147937,-0.0325162
135501,-0.0508992
71055,0.0966827
72150,-0.0507586
83197,-0.008775
92587,-0.0177871
132404,0.0075678
129763,-0.0605266
20466,0.0137897
19338,0.0384679
16454,-0.0443468
16757,-0.0250951
113233,-0.058284
27757,-0.0081156
114060,-0.0577678
35946,-0.0547324
60945,-0.0401159
27908,-0.0558363
29902,0.0057226
131443,0.0270523
44435,-0.0462624
137443,-0.0387929
43313,-0.0082641
81816,-0.0386247
116224,-0.0825369
140084,0.0037013
167981,-0.0541905
72953,-0.0580343
75864,-0.0631204
138805,-0.0543644
144376,-0.0641105
148694,-0.0160486
31262,-0.0312758
92872,-0.0122447
170872,-0.0485568
70566,-0.0424898
122187,-0.0400108
64602,-0.0269114
36569,-0.0318291
155083,-0.0596316
131103,-0.0392937
117042,0.0008449
147205,-0.0639269
75613,-0.0627956
150418,-0.0459638
160092,-0.0078876
43411,-0.0538784
48487,-0.040467
113206,-0.0518605
7197,-0.0625848
76692,-0.0099718
3761,-0.0350017
151246,-0.0535915
61005,-0.0576623
12402,-0.0178255
16659,-0.0554377
78604,-0.0411681
47854,-0.0350483
108240,-0.0440815
91116,-0.0342716
27560,-0.0107078
1455,-0.0529021
153865,-0.046856
4981,-0.0783832
85528,0.0110723
51751,0.0423006
139330,0.0017584
168130,-0.0111405
23644,-0.051777
130614,0.0223363
76807,-0.0074072
71956,-0.0284385
21007,-0.0492956
174021,-0.0060601
132510,0.034946
1874,0.073003
102240,-0.0295696
63893,-0.0429651
89801,-0.0152848
99101,-0.0521897
49233,-0.0558907
15233,0.0931034
178279,-0.0341067
117177,-0.0416457
137844,-0.0559203
151022,-0.0251621
41088,0.0824585
55473,-0.031229
39872,-0.0625547
170444,-0.0546679
118637,-0.0750672
68253,-0.0512725
151834,-0.0179363
178313,-0.05323
27971,-0.0395368
54387,-0.0305104
71787,-0.0520866
101822,-0.0439631
57742,-0.0290548
53513,-0.0054088
77579,-0.0505598
174511,-0.0601493
123969,-0.0402247
154521,-0.0629154
146281,0.0410031
41346,-0.0559277
46180,-0.0441432
136599,0.0209066
160724,-0.028659
31841,-0.0473853
148970,-0.037239
130311,-0.0544224
104715,-0.0320577
129111,-0.0178139
29001,-0.0307336
40704,0.0062259
64504,-0.0616858
44505,-0.0259718
78711,0.0106104
157424,-0.0171783
100834,0.2177039
42398,-0.0301991
143735,0.0444847
153561,-0.0503196
110875,-0.0258341
77509,-0.0382249
74411,-0.0581615
55160,-0.0078773
179748,-0.0376102
170346,-0.0584116
40688,-0.0603209
77180,-0.042479
179695,-0.0557413
54056,-0.0417713
64997,-0.0331525
38456,-0.0574172
76040,-0.0188555
5826,-0.0638189
142952,-0.0514365
151683,-0.0547528
41541,-0.0577227
58393,-0.0451063
107485,-0.0532658
96717,-0.0687235
52990,-0.0334956
40367,0.0366743
21098,-0.0280216
82680,-0.0506272
40278,-0.0523818
73031,-0.0329467
157004,-0.039742
145792,0.0707509
18858,-0.0350701
33989,-0.041391
109504,-0.0523674
127322,0.0430788
113153,-0.0157793
80908,-0.0234145
116652,0.0169487
100148,-0.0479571
77224,-0.0139932
52650,-0.0529542
141580,-0.065515
125490,-0.0434578
146012,-0.0527237
175670,-0.0466474
113929,-0.0593351
108106,0.0751734
123601,-0.0043617
86461,0.0321093
118094,-0.0573555
179720,-0.0445757
103372,-0.063059
178607,0.0282673
123521,-0.0365126
65011,-0.0392285
158181,0.0400849
12457,-0.0567957
114809,-0.0127649
167035,-0.0720245
88261,-0.0094999
164598,-0.0438498
100709,-0.025537
28763,-0.0399247
45815,-0.0489835
169039,-0.0568974
106684,0.0203263
72409,0.1660661
58464,-0.015369
168452,-0.0635211
151870,-0.0514866
42472,-0.058062
115708,-0.0430477
12288,-0.0248326
63688,-0.0144104
77028,-0.0655902
30844,-0.030214
1017,-0.0137041
97438,-0.0430545
138208,-0.0351145
109924,-0.0828398
142550,-0.0325588
137130,-0.0523044
98300,-0.0370742
155109,0.0149295
130124,-0.0416877
159142,-0.049034
53130,-0.0617844
173597,0.0501648
124153,-0.0339012
174218,-0.0306303
4008,-0.0437874
179622,-0.0435337
126326,-0.0486394
119894,0.0532848
61620,0.0210676
53023,-0.0433156
134443,-0.0369791
110535,-0.06017
51573,-0.0057483
32483,-0.0315121
23207,-0.0634315
33337,-0.0459983
174502,-0.048597
128613,-0.0517998
177762,-0.0478756
101378,-0.0541293
102570,0.0729775
140379,-0.0409595
40955,-0.0106964
55776,-0.0624321
74509,-0.0459995
20313,0.0910267
128105,-0.0504478
139811,-0.0584145
166636,-0.0440201
158699,0.0386701
170514,-0.0346326
146708,-0.0754086
37459,-0.0667324
58357,-0.0530233
83375,0.0092486
123914,-0.028099
11842,-0.043544
38893,-0.0655518
68627,-0.0541084
131577,-0.0367722
177405,-0.0530719
179686,-0.0572558
63072,-0.046469
137407,0.0150204
144349,-0.0265305
172509,0.0196964
21123,-0.0254155
71572,-0.0516468
36373,-0.0568725
102160,0.1737143
65121,-0.0427752
14851,0.0138197
97189,-0.0477981
10514,0.0216766
85412,-0.0205161
128560,-0.0524406
160127,-0.0276151
61826,-0.048663
139287,-0.0419407
102543,0.0213878
113698,-0.0432429
7384,0.0739868
94045,-0.0578796
18581,-0.0523928
103513,-0.0201427
29760,-0.0457618
132896,-0.0097581
60883,-0.0497763
94081,0.0166189
17726,-0.0335949
80365,-0.0466525
161482,-0.0259399
150221,-0.0419298
135146,-0.0592627
91795,-0.012862
144713,-0.0408466
54617,-0.0117523
167302,-0.0429526
66955,-0.0173935
35090,-0.0359432
127144,-0.0469841
178894,-0.0468161
75819,-0.0641931
160225,-0.0407795
108918,-0.037946
159767,-0.0410115
120824,0.0742068
44300,-0.0330422
118281,-0.0625573
15064,-0.0381522
97090,-0.0522889
126585,-0.0353114
134899,-0.0397373
129095,0.0127808
144508,-0.0234202
86501,-0.028526
177263,-0.0603666
96637,-0.0425144
20063,-0.0098908
76317,-0.0087094
98051,-0.0505153
104886,-0.0299582
57225,0.0678608
107047,0.0136892
120076,-0.0103385
121796,-0.0416797
145765,0.0086306
153384,-0.0573212
26975,-0.0248362
15652,-0.0480019
42498,-0.0527556
60687,0.0464912
2309,-0.0159835
86311,-0.028987
121055,-0.0557176
11478,0.0127839
68002,-0.0463003
28610,-0.0361407
13365,0.1607435
11539,-0.0055449
138663,-0.0055798
147713,-0.051006
155458,-0.060973
104341,-0.0409661
94580,-0.0302887
14352,-0.0411535
163967,-0.0612187
22941,-0.0603714
168791,0.0240109
98168,-0.0486284
78542,-0.0385848
103899,-0.0515219
44532,-0.044532
96593,-0.0638948
177842,-0.0312579
122132,-0.016592
85877,-0.0567239
127563,-0.0044897
159437,0.0424142
88920,-0.0649231
57163,-0.0087358
161384,-0.0599583
151567,-0.0597837
32599,-0.0486191
139170,-0.0486906
74732,-0.05483
136107,0.0051527
130348,-0.0556914
72506,-0.0415615
85074,-0.0569791
95872,-0.0541427
125098,-0.0321254
119466,-0.0010005
117319,-0.0421807
119974,-0.0324525
154978,-0.0683298
67835,-0.0598643
114079,-0.0651767
169351,0.0267029
167231,-0.076675
99879,-0.0296957
100335,-0.0195253
22576,-0.0001611
90431,0.039461
178117,-0.0351656
44140,-0.0333442
34850,-0.056909
176506,-0.0310366
131461,-0.0531738
175590,-0.0274188
9743,-0.0244293
55918,-0.0537963
137363,-0.0609619
25291,-0.050299
155154,-0.0523022
22781,-0.0393012
11352,0.004856
156767,-0.010748
36532,-0.0528107
120922,-0.0084593
51207,-0.061279
93995,-0.0348944
127714,-0.0421862
179347,0.0881669
36453,-0.0706017
160323,-0.0506518
39967,-0.0577702
33364,-0.0436036
31208,-0.0617724
92765,-0.0618157
108794,-0.0244615
71340,-0.0167709
102749,-0.0279471
159847,-0.0586104
159963,-0.0484482
112744,-0.0514202
49769,-0.0202468
165817,-0.020651
66474,-0.0561934
138280,0.0251474
102106,-0.0305728
20821,-0.0061184
13524,-0.0329716
145603,-0.0394711
126166,-0.0418544
79736,-0.0389183
66526,-0.0477686
72221,0.0071286
77126,-0.0518451
99478,-0.0490994
16551,-0.0098293
147633,-0.0561057
152582,-0.0493036
148916,-0.0397328
10373,-0.0065302
165899,-0.0502181
131336,-0.0041628
53167,-0.0430558
102286,0.0144837
179846,-0.05957
45753,-0.0546179
160779,0.0665662
23948,-0.0521969
42456,-0.0394533
96664,-0.0650612
6627,-0.1070176
98916,-0.0637623
47373,0.0290433
67522,-0.0439076
156534,-0.0315232
175055,-0.0070743
47337,-0.0809797
6164,0.0427148
12689,-0.0395545
64041,-0.0211318
20048,-0.063946
10453,-0.0262982
51877,-0.0517434
49206,-0.1017415
105874,-0.0451019
135128,-0.0645689
14405,-0.0218218
43242,-0.0517634
168372,-0.0214885
25148,-0.0578706
100219,-0.0551746
21597,-0.0613716
144731,-0.0442278
116171,-0.0565951
37618,-0.0626546
37734,-0.0222891
85582,-0.0413376
141081,-0.0369291
3039,-0.0036041
47453,0.0391942
78668,-0.0529668
119206,-0.0416435
45959,-0.0530408
141134,-0.0530463
61372,-0.0400725
161945,-0.0388946
178377,-0.0716134
43812,-0.0708759
96192,-0.0554529
70414,-0.0610303
173132,-0.0422793
42968,-0.0577717
82136,0.0003046
41925,0.1132342
106817,-0.0172909
90262,-0.0450132
135654,0.0208085
5309,-0.0454528
73317,-0.0481095
7810,-0.0073965
176445,-0.0474114
171539,-0.0443998
56844,-0.0478119
88546,-0.04
132379,-0.0600559
151932,-0.0620835
64194,-0.0278176
175885,-0.0373844
85760,-0.0162569
149183,-0.0730984
77313,-0.0315854
51305,-0.0548029
65113,0.0173397
104323,-0.0528681
58534,-0.0610425
97679,0.0259397
161286,-0.0098405
104546,-0.001212
74224,-0.055227
153240,-0.0484026
8425,-0.0484117
93600,-0.029176
24034,-0.0471284
30648,-0.039952
33603,-0.0057855
157834,0.0659656
85984,-0.0248574
147134,0.0207211
142284,0.0025098
156712,-0.0440867
25228,-0.0184131
144599,-0.0298525
115236,-0.0450394
16472,-0.0357366
70940,-0.0587661
104181,-0.0482638
86495,-0.0465735
20910,0.0926988
150114,-0.050389
123371,-0.0485066
165979,-0.0283482
179882,-0.0298185
10104,-0.0334593
144553,-0.0223347
94535,-0.0514808
124885,-0.0576751
129898,-0.0115257
33952,0.0576062
73905,-0.0438486
101984,-0.0681508
144991,-0.0531781
33122,-0.0120684
98257,-0.0402803
88047,-0.0287703
14085,-0.0462622
157273,-0.0443311
19631,-0.0214659
143646,-0.0005824
90878,-0.0347967
29403,-0.0137346
111916,-0.05977
80766,-0.0614288
82895,0.1155997
74875,-0.0465113
38679,-0.0558717
92907,-0.028202
140958,-0.0266336
98649,-0.0592255
6271,-0.0732931
110946,-0.0606531
59657,-0.0602045
9397,0.0456335
68976,-0.0562053
41578,-0.0632735
130552,0.0213019
146021,-0.0784339
81987,-0.0491874
18938,-0.0050003
111685,-0.0366759
73772,-0.0555013
97465,-0.0552783
13301,-0.0012853
152083,-0.0228728
148202,0.0256109
105909,-0.052461
108455,-0.0435702
12055,-0.0453687
146860,-0.0236584
124723,-0.0388372
126406,-0.0223412
99441,-0.0617547
51332,-0.0512832
82430,-0.0534197
51546,-0.0627308
152332,-0.0459732
155261,0.1650377
55384,-0.0369872
67167,-0.0169996
105623,-0.0095588
75114,0.0246729
164062,-0.0753379
150178,0.031934
34690,0.0409387
