SIRUTA,yhat.sarar
166235,-0.019771851
163002,-0.04751292
165719,-0.048340567
163253,-0.050242468
162924,-0.074591847
161856,-0.061999805
162381,-0.048982886
164892,-0.070121941
163734,-0.048112689
163618,-0.067342508
162149,-0.081201832
165899,-0.072476425
167071,-0.046449282
162871,-0.082417947
166985,-0.041018246
165130,-0.058421487
163681,-0.061694155
164062,-0.048509626
166057,-0.056584669
166315,-0.082283343
165611,-0.055067105
165979,-0.068005289
161829,-0.087117448
164393,-0.064550279
161945,-0.051775633
162452,-0.047632094
163208,-0.092517994
163486,-0.064602262
165069,-0.076976898
165185,-0.084766317
165336,-0.061802131
164936,-0.025965668
164277,-0.093438835
164749,-0.07459993
164197,-0.090158425
164687,-0.042756152
166869,-0.068835665
163967,-0.065262658
162595,-0.054582264
163324,-0.05966958
162014,-0.0728596
163137,-0.082872648
167035,-0.092805955
162791,-0.055221499
165470,-0.068880674
166672,-0.08746564
162693,-0.066130033
165817,-0.066136759
162498,-0.088850144
164339,-0.055792898
162194,-0.04953155
163903,-0.076159776
165416,-0.051200175
163832,-0.092009963
162327,-0.05325953
163057,-0.067782163
166137,-0.070171273
167179,-0.052181134
164981,-0.094442795
163789,-0.074093803
161794,-0.055326178
164829,-0.086711262
166770,-0.073691041
162559,-0.095322469
165274,-0.03872621
167268,-0.047258852
167277,-0.058587695
163379,-0.066797987
167286,-0.076855642
166707,-0.074830608
166636,-0.060781743
167295,-0.062565162
164133,-0.044275928
167231,-0.072400467
167222,-0.052513012
162069,-0.060040806
167302,-0.05121194
166182,-0.060583775
167311,-0.047508479
166529,-0.05379212
167259,-0.067678067
164543,-0.068254025
164598,-0.057533984
167320,-0.050556147
167240,-0.048745329
166413,-0.049505452
175787,-0.07628488
175260,-0.075751653
174860,-0.045388156
177879,-0.068656281
177557,-0.031430212
175670,-0.059933079
176150,-0.042762512
177236,-0.041052557
177352,-0.021726676
177762,-0.06185198
177405,-0.06169329
176793,-0.033271783
177799,-0.046325237
178545,-0.063934459
178377,-0.061812137
174922,-0.043355732
175055,-0.019178423
178180,-0.021727059
178313,-0.064553847
175368,-0.02978022
178750,-0.064264019
176686,-0.040069529
177469,-0.053534591
176891,-0.05938796
177003,-0.064217504
176212,-0.014374393
176506,-0.013621492
175466,-0.015809646
175019,0.022010942
178607,0.016946832
175126,-0.065190051
178689,0.000133764
174780,0.094550481
174744,-0.002474293
176944,-0.071284122
177263,-0.047744023
175732,-0.018255102
176338,-0.059095313
175885,-0.01239518
174824,0.02355809
178821,-0.057289113
175509,-0.080697508
178475,-0.088712678
177726,-0.021504761
175983,-0.055976041
176855,-0.066954136
176551,-0.09125462
176301,-0.040487472
177986,-0.057921857
175938,-0.04511211
175439,-0.052924967
177600,-0.050892984
176613,-0.076532364
175206,-0.067979746
177655,-0.018124707
175590,-0.072072812
178929,-0.025354621
177842,-0.035497026
178938,-0.038485764
175224,-0.06555369
178885,-0.065898852
178046,-0.034669568
178947,-0.023018996
178117,-0.046516349
178910,-0.061657582
176445,-0.058966119
178894,-0.05477796
178279,-0.034922934
178901,-0.045605961
176748,-0.007782822
178956,-0.009949227
177101,-0.061643847
178965,-0.071663922
169119,-0.039562937
168755,-0.064770982
174254,-0.013162329
171021,-0.032981032
167794,-0.064688595
172509,-0.031744552
168675,-0.04438948
172894,-0.011012709
174021,-0.034337976
167696,-0.068140088
167909,-0.070641092
168041,-0.066118673
169253,-0.051912511
171539,-0.00605546
168559,-0.048948086
172812,-0.032178592
169351,0.027582864
168880,0.052398145
173230,-0.014969053
172082,0.05418145
173061,-0.055060807
170220,0.004704635
173935,-0.058008799
174156,0.045454783
171272,-0.064979606
168960,-0.015416788
172340,-0.062228939
168130,0.02601544
173533,-0.040896884
167641,-0.092310853
171067,-0.031973741
169039,-0.057706182
171995,-0.048590013
171325,-0.001483947
171931,-0.056750029
168791,0.016377642
168229,-0.037053533
169896,-0.040036964
171469,-0.032328558
169182,-0.033978326
168602,-0.023052019
172377,-0.050742873
171628,-0.051853963
169994,-0.023559186
168372,-0.028724181
169404,-0.082470334
173686,-0.041143134
172992,-0.05541445
173374,-0.065547725
172581,-0.062412143
170792,-0.060776353
172698,-0.054979707
170346,-0.075276547
172279,-0.058831427
170514,-0.036365849
170685,-0.076750106
172947,-0.046475057
171806,-0.057471938
170872,-0.072280106
170168,-0.065835763
169681,-0.050869898
169547,-0.075703348
173132,-0.052494758
173855,-0.064084398
171879,-0.038198578
168309,-0.086297937
171101,-0.017579805
170444,-0.077032228
172457,-0.057255584
170097,-0.090449549
169306,-0.07854335
174085,-0.077583304
171209,-0.079586505
168452,-0.081284114
167981,-0.068724332
170952,-0.059542486
173793,-0.077558602
173748,-0.045802182
174218,-0.043351834
170612,-0.076891686
169583,-0.086633186
174502,-0.075481126
174290,-0.086168395
174511,-0.082296687
174520,-0.065798679
173597,-0.01450936
172153,-0.060402358
174496,-0.055986504
167473,0.014532278
154308,-0.079992656
153062,-0.057121442
153696,-0.081517228
154585,-0.101468788
154665,-0.108495144
154068,-0.094331904
154282,-0.119087702
152528,-0.115811945
151996,-0.114368949
152083,-0.052242723
152582,-0.074736242
152760,-0.106199045
154978,-0.127917845
154521,-0.093816423
154754,-0.096168109
151905,-0.065538861
153437,-0.10602189
153295,-0.063958227
153972,-0.114335578
153026,-0.084949291
151932,-0.081964108
152724,-0.108836158
154932,-0.085370998
153384,-0.085944555
153473,-0.092653417
154166,-0.091666547
154013,-0.080186536
154415,-0.100505398
153865,-0.080422969
153507,-0.06100461
153277,-0.09024772
152868,-0.087294356
152270,-0.070992704
152350,-0.077741228
154852,-0.082063474
151870,-0.110016901
152467,-0.10937781
153543,-0.079944767
153240,-0.078384813
154790,-0.066723873
152617,-0.103411254
153605,-0.088728246
153776,-0.068276771
151790,-0.070359243
152332,-0.076425878
152412,-0.109362329
153909,-0.086823176
151816,-0.028871119
153936,-0.085661299
153339,-0.060500918
152127,-0.090472324
153829,-0.08777337
154497,-0.076376568
151834,-0.05136543
152948,-0.079212944
154834,-0.058895046
154184,-0.097834235
152252,-0.092746565
153561,-0.092198886
151763,-0.088893474
152500,-0.086250811
154380,-0.087978878
151683,-0.117173395
153106,-0.103064055
154736,-0.099693723
152564,-0.088616213
153124,-0.094227032
154139,-0.095727456
154914,-0.10033217
152993,-0.086226924
151709,-0.096374913
152234,-0.077033174
151736,-0.085461769
153589,-0.100386441
151978,-0.095010914
152314,-0.092692567
153400,-0.089746968
155083,-0.096066486
153623,-0.097202474
152797,-0.112925275
155092,-0.12392503
152662,-0.090771946
155109,-0.067531982
154460,-0.099596582
155118,-0.084883727
152038,-0.085595131
155127,-0.078552471
154996,-0.080018463
153204,-0.05845277
155136,-0.064329678
154228,-0.067638542
155145,-0.102251933
153151,-0.097380459
154344,-0.109666637
155154,-0.107430567
152902,-0.078665119
152172,-0.084758126
156259,-0.024150712
155724,-0.036316652
155528,-0.0333471
158109,0.004477815
159213,-0.000655462
158859,-0.015902012
158010,0.067596601
158528,0.030631394
156035,0.051338463
156151,-0.013347007
157969,-0.052270306
156437,-0.012838098
157451,-0.001443633
158608,-0.023697072
158181,0.119876359
158653,0.15138523
157585,-0.053891779
155662,-0.047414918
158314,0.023343032
156801,-0.072955698
157736,-0.027833666
157246,0.204814125
157193,-0.034255797
158396,0.242714028
155840,-0.036957075
155494,-0.039882735
155546,0.023096561
156589,-0.060751255
156767,-0.021916542
158966,-0.00440889
155243,0.165976506
158564,0.109821542
158136,-0.062213102
155261,0.287579
155289,0.330287105
155797,-0.021645432
159071,-0.02264862
158895,-0.02410441
156473,-0.014523052
157834,0.230684328
156927,-0.023598462
155957,-0.036838624
158699,0.148945411
158243,0.007499506
155350,-0.052135463
159142,0.037008909
155314,0.239569632
156106,-0.02143083
156311,0.073723135
158065,0.088720882
155403,-0.030702696
158449,0.087148799
157898,-0.01171681
156534,-0.024778524
159259,-0.023949311
156623,-0.01745246
157031,-0.023607278
157497,0.047116516
157317,0.020090954
158804,-0.031582525
157923,0.013898228
159035,-0.006854063
157004,-0.011073483
159339,0.010056482
157273,-0.012538178
155458,-0.039835024
156669,-0.016110335
157362,-0.028538667
157781,-0.01631208
159366,0.011115338
157086,-0.035853834
159375,0.008567711
156277,0.031177813
155760,0.052689613
159384,0.114457729
159393,0.029975261
157683,0.018783413
159400,0.003578322
156357,0.011497353
157530,0.001602244
159473,-0.007024967
159419,-0.010222497
156213,0.04134581
159428,-0.002354505
159437,0.120460504
158779,0.197758618
157424,0.057867494
159446,0.115075018
159455,-0.019245438
158733,-0.014559005
159464,-0.009340278
155911,0.015290379
159482,-0.033691906
156712,-0.033374563
159491,-0.006510125
155591,-0.018629949
160172,-0.076811189
160458,-0.017081901
159883,-0.066848002
160617,-0.02194285
161525,-0.020050923
161133,-0.046962483
161286,0.000649993
160047,-0.033465861
159687,-0.04770648
160261,-0.017884509
159767,-0.079608096
159730,-0.044694054
160779,0.018402578
159614,-0.02825276
161302,0.00795134
160430,-0.02236249
161035,-0.020005104
160476,-0.036486158
159945,-0.028162976
160387,-0.01524202
161053,0.022992116
160911,-0.038466295
161464,-0.038336805
160127,-0.050874943
161482,-0.025776552
160528,-0.057550851
161231,-0.045313085
160993,-0.048121633
160877,-0.021080586
161179,-0.027705607
161151,-0.068881087
160831,-0.036310352
160225,-0.050613042
160323,-0.072794115
159650,-0.057161739
161106,-0.076430942
161259,-0.044145523
161384,-0.069744095
160644,-0.042553095
160305,-0.070486684
159785,-0.02228401
159963,-0.060590699
161348,-0.027091653
160092,-0.026467375
159847,-0.043420291
161552,-0.03521639
160724,-0.034470445
160564,-0.054940225
161561,-0.047113337
161543,-0.048428253
160680,-0.042668693
146655,-0.054364278
149584,-0.031763042
148667,-0.014026598
147036,-0.000118258
151095,-0.004238238
148916,-0.04791238
146995,-0.017838094
150294,-0.003997946
148293,-0.010446662
147241,-0.02335249
148694,0.010275279
150043,0.010343188
151077,0.022716534
150702,-0.048620087
151246,-0.053934864
146628,-0.00026176
151344,-0.03676266
150196,-0.000937113
148970,0.004804245
149183,-0.05497784
150418,-0.007387142
149290,0.032350138
149539,-0.024338438
146325,0.027941575
147937,0.028927622
149833,0.044219469
146860,0.019820338
150980,-0.014317281
150221,-0.030425785
147633,-0.009015232
146708,-0.022042626
147713,-0.041566656
150524,0.010007888
148426,0.00592777
149502,-0.049911766
149370,0.009480354
148729,-0.003365643
146263,0.048303907
146370,0.043709944
146432,0.112127153
147205,-0.040522845
147526,0.014090199
151022,-0.004158935
149780,0.013031183
150310,0.011567258
148453,-0.028173034
146281,0.086044515
150935,0.005032416
150178,0.005590933
149414,0.048071709
147134,0.051297501
150588,-0.003684621
148765,-0.022057543
149753,-0.00260906
146584,-0.00568994
146502,-0.054255542
148612,0.001059751
149049,-0.003586908
149227,-0.025043526
151157,-0.016374169
147465,0.002919917
150070,-0.001232158
149931,0.000977461
147786,-0.010475645
150356,-0.023555125
146539,-0.027929146
148097,-0.029822257
148006,-0.046701951
149316,-0.009933102
150258,-0.004052482
148131,-0.010284851
146904,-0.01235859
147884,-0.03589301
148514,-0.039544507
146744,-0.041681065
149655,-0.026976402
150114,-0.020872434
147054,-0.021715614
147072,-0.034402221
149851,-0.025773876
148382,-0.042947786
147358,-0.032250337
150445,-0.008081361
149682,-0.014215555
151567,-0.012814337
147660,0.009567416
151530,-0.018798472
151576,-0.031112519
148328,-0.017961325
151521,0.026572179
151120,0.038492579
151503,0.011666313
150891,-0.00756513
151451,-0.033882435
149138,-0.028055557
147161,-0.001069494
151433,-0.007417258
151497,-0.028927333
148202,0.005907466
151488,0.000658678
150766,-0.03444328
151549,-0.022913535
149968,-0.025569481
146799,0.001487418
151512,-0.048415808
151479,0.024827326
149101,0.025590016
151442,0.031200545
146931,0.018603836
147580,-0.024044967
151460,-0.01040638
151558,0.01114525
148872,0.003102846
139009,-0.034109059
136919,-0.022785272
139170,-0.019596574
137274,-0.028208684
137069,-0.009728667
139143,-0.01793178
137746,-0.008123661
137960,0.025450495
139214,0.012903178
137407,0.015115211
138164,0.002436307
137229,-0.007856552
138039,-0.010761322
137675,0.04107446
136599,0.035124511
138351,0.020443161
136483,0.011822998
139330,0.037331569
138280,0.048259107
138084,0.029548036
139358,0.023909876
137032,-0.032601438
136802,-0.008920264
137611,0.002940143
138431,0.046816394
139250,-0.022367638
137540,5.79224E-05
138208,-0.009606254
137728,-0.018815686
139287,-0.023831239
136526,-0.032854733
136848,0.004078036
138618,0.019576771
139394,0.020492192
139054,0.000933931
137899,-0.039279729
137504,-0.029574671
137292,-0.024183553
137443,-0.014678437
138574,-0.027855037
139107,-0.029732801
138501,-0.021060541
136964,-0.022316705
137103,-0.039762715
138869,-0.033561113
136768,-0.028045041
136713,-0.023701995
138734,-0.02668175
136642,-0.055531951
138921,-0.031884533
138770,-0.040569683
138538,-0.032740073
138805,-0.039965261
137130,-0.044456793
137363,-0.057887737
137844,-0.05279394
137185,0.052315908
179873,0.023588143
179677,-0.019201904
136553,-0.002065415
179882,-0.015244386
138663,-0.009226861
180028,-0.008860925
137764,-0.009163477
139740,-0.057649928
140244,-0.051972047
140280,-0.048644925
140501,-0.035616196
142177,-0.051006669
142550,-0.032993325
142881,-0.029014677
141786,-0.060516103
142854,-0.033560147
141580,-0.066174658
142710,-0.021536453
140583,-0.03658933
140477,-0.045252514
140440,-0.054029791
142006,-0.033957715
141884,-0.08925988
140324,-0.025247751
140958,-0.002730751
142373,-0.048663443
141376,0.035509796
141134,-0.062068764
140084,-0.041071676
141946,-0.055654055
139811,-0.059835364
142284,0.007206216
140823,0.08446411
142774,-0.054925905
139884,-0.031524232
141722,-0.038442685
142122,0.005174319
140770,-0.095090625
140672,-0.009855703
143021,0.005525125
139704,-0.003225373
143067,-0.102115657
140146,-0.039500914
141312,-0.040172022
140627,-0.011877832
141232,-0.083828631
142079,0.015040912
142337,-0.038563248
142426,0.015512114
141535,-0.038022126
142952,-0.042809943
140208,-0.047978442
179631,-0.014088022
142612,-0.045613984
141447,-0.045269592
140547,-0.046336278
140379,-0.039000464
141027,-0.074312125
139937,-0.042840025
142676,-0.04660888
143147,-0.060872164
140869,-0.049088888
139982,-0.04985035
141081,-0.045259863
180037,-0.04116603
142239,0.022971102
179695,-0.077529459
142499,-0.089045243
144152,0.00138671
144615,0.027870857
143806,-0.006518059
144553,-0.00452313
144303,-0.012333084
144731,-0.003516204
143619,0.001276239
144349,-0.003919385
144198,0.004128062
143646,0.004047922
144991,-0.040146783
143771,-0.019582887
145104,-0.00051166
144116,-0.035787149
144376,-0.001588557
145961,0.003562768
145738,-0.014613797
144651,-0.003414215
144232,0.010904087
143682,-0.030172884
145667,-0.028670921
145220,-0.053363458
145042,-0.015962769
144964,0.0209255
144795,-0.038539528
143888,-0.005365648
145603,-0.005820046
144866,-0.052540603
144456,-0.003432282
143922,-0.032138205
145998,0.005916416
145140,0.003527223
145765,0.056063098
144928,-0.062453053
144410,-0.020037131
143851,0.030686915
144893,-0.01560333
145408,0.063589662
145499,0.037841349
145792,0.082680808
143450,0.050719955
145275,-0.011108322
143959,-0.001369213
144508,-0.009567244
145907,0.004316919
143487,0.05554321
144713,-0.015984447
145293,0.004906443
144054,-0.014172656
143557,0.133938666
145202,0.001906744
143735,0.0942885
144599,-0.001729433
143502,0.032197743
144535,-0.020080255
143520,0.000594122
145471,0.061327906
145355,-0.003823087
145934,-0.012764444
145382,0.025251874
143995,-0.01099567
146012,-0.019017213
145827,0.080277146
146021,-0.023325447
134096,-0.011086071
132574,-0.035433187
130954,0.030584825
136107,-0.014393321
131210,0.038603004
131540,-0.053139489
135226,-0.027926308
133795,-0.034334904
135618,-0.055644579
132342,-0.060563642
134648,-0.056504898
131336,-0.026421295
132896,-0.026058402
131577,-0.074985681
135654,-0.014361543
135725,-0.026974557
132404,-0.030118199
132486,-0.06667124
135547,-0.041378312
132137,-0.061280354
131988,-0.066752306
131103,-0.0603615
134755,-0.047784424
135128,-0.071348311
135501,-0.06105451
132645,-0.062859671
131817,-0.039707148
131899,-0.039212368
135404,-0.058005179
136134,-0.040661433
133919,-0.074526742
131835,-0.029983446
132805,-0.008991683
132841,-0.059390004
135244,-0.076184258
131256,-0.039772505
135789,-0.032130336
134336,-0.057063567
134899,-0.062981878
136198,-0.06238077
133562,-0.04041287
132011,-0.068945845
134443,-0.040023766
135164,-0.025722371
131274,-0.012724154
133866,-0.099399576
134853,-0.0651018
134014,-0.012693081
135681,-0.076255807
132271,-0.014223047
131461,-0.037452275
132716,-0.012878662
132315,0.008879871
132459,-0.083396425
133615,-0.061106022
133722,-0.032012651
134050,-0.028578774
133688,-0.046484916
133964,0.016826405
130981,-0.002860682
132510,-0.026366112
134390,0.09740114
131069,0.024445675
131443,0.025995602
133330,0.030464848
130847,0.097012428
131620,-0.035801738
133161,0.011343188
131407,-0.074718319
130785,0.052845467
132164,-0.075818279
130678,0.085139556
132075,0.070013219
135949,0.011116284
133214,-0.006108223
135896,-0.037438148
132752,-0.068417404
131933,-0.018177707
130534,0.013908121
130614,0.02465553
133394,-0.075881542
130892,0.047142676
132379,-0.083875768
130552,0.016815608
133090,-0.035228265
135020,-0.030330964
130712,0.034469268
133018,-0.041699446
132681,-0.072624365
135146,-0.081780074
134942,-0.028023727
135850,-0.036193589
135431,-0.03077102
132226,-0.02777116
133508,-0.025466815
134559,-0.025687397
134194,-0.005255955
136241,-0.011099752
136250,-0.040621616
133429,-0.042683882
133278,-0.07337223
136269,-0.067350843
135315,-0.047511732
136278,-0.055260285
129914,-0.091867258
129503,-0.122530972
128882,-0.105944795
126905,-0.121493327
127411,-0.115156093
126772,-0.092787824
130231,-0.093774541
128962,-0.111388755
126503,-0.094244666
125757,-0.095418114
128301,-0.09777852
129816,-0.057641508
129317,-0.090738048
126228,-0.083523031
128711,-0.092689827
127858,-0.053442474
127171,-0.055482335
129380,-0.059563327
126166,-0.062703005
129139,-0.054121976
128436,-0.044566583
127288,-0.0773444
126674,-0.071486628
127625,-0.064803486
126433,-0.025260655
126326,-0.082630742
128221,-0.055442359
129656,-0.039242422
128374,-0.079897212
130124,-0.030001173
125347,-0.03989951
127064,-0.029692111
127322,-0.046565784
125999,-0.04027052
125873,-0.024762651
127689,-0.053557811
128105,-0.057630109
128659,-0.060249779
125418,-0.03872124
129585,-0.094316613
129246,-0.063627947
125846,-0.053628042
126022,-0.056180828
129987,-0.073556134
130062,-0.05392942
126380,-0.072318583
126406,-0.081254934
127983,-0.071358778
129111,-0.072409109
127493,-0.067664237
129763,-0.102070961
127386,-0.077377201
126978,-0.067911576
125622,-0.081030878
126102,-0.057644887
126718,-0.051937794
127019,-0.056051274
128864,-0.108696466
128472,-0.097568283
125490,-0.066025228
126585,-0.07160869
125472,-0.076737527
127536,-0.108233626
129095,-0.035601565
128524,-0.060120008
127144,-0.067681083
129040,-0.089195712
126647,-0.04492835
125659,-0.070133836
129567,-0.061390053
130026,-0.048377554
128613,-0.081778565
128560,-0.067651349
128588,-0.0840557
126077,-0.072368494
125962,-0.082401536
126148,-0.092304708
127750,-0.085768343
129898,-0.074415896
129460,-0.088321021
129629,-0.084152442
129745,-0.088390415
125542,-0.09979332
127368,-0.074551229
129282,-0.071776016
127224,-0.081849406
127126,-0.089849478
127251,-0.065432623
125588,-0.088000727
125374,0.010282855
128052,-0.055004754
130286,-0.057654908
127812,-0.055368851
130295,-0.075307543
130302,-0.016908497
125677,0.023207066
127714,-0.086434497
130311,-0.103126158
130320,-0.074425169
129184,-0.068797694
130339,-0.083307978
127938,-0.074876396
130348,-0.057455703
127563,-0.022696339
126825,-0.073488287
130357,-0.070663877
127901,-0.07516062
130366,-0.087793663
128178,-0.051866886
130384,-0.071808527
129718,-0.06986016
130375,-0.087441213
121652,-0.018862646
125016,-0.008613967
123914,-0.025258807
123521,-0.021713279
124661,-0.02769248
122551,-0.024985865
121055,-0.045492366
124849,-0.038587488
123424,-0.041692516
123371,-0.048162697
121108,-0.017450136
123790,-0.036039473
122908,-0.031323763
124803,-0.051597283
122187,-0.032969324
122953,-0.007981024
124750,-0.056199522
123969,-0.055291685
121607,-0.034668326
124331,-0.043930599
122864,-0.055327503
122347,-0.036481159
122025,-0.013556597
122668,-0.033748504
121466,-0.060501213
124411,-0.042008934
122828,-0.014199455
122392,-0.055594017
124206,-0.022334157
124634,-0.024590172
120888,-0.010355566
120968,-0.042399928
123601,0.000487554
124938,0.023382855
120726,-0.011377673
122613,-0.065938252
120860,-0.04634135
120922,-0.016203936
124723,-0.040610185
121340,-0.042980153
123175,-0.048220987
124563,-0.009527618
120771,0.058945045
124233,-0.037348707
123102,-0.038729922
124493,-0.004596363
120824,0.045991264
124117,-0.03567865
121876,-0.043769114
123479,-0.001219687
124073,-0.043169082
125061,-0.012316268
121297,-0.026075802
123228,-0.040244634
123013,-0.036525915
123674,-0.040277408
124885,-0.035785719
123255,-0.035889654
121732,-0.02237443
122249,-0.035252643
121153,-0.010060026
122132,-0.02733893
124028,-0.039719598
124616,-0.049962534
122061,-0.045289528
121386,-0.045327784
125178,-0.042120617
122702,0.016981799
125098,-0.022180533
121938,-0.037572242
125132,-0.047527663
125150,-0.024206943
124153,-0.029336261
121242,-0.047823188
125114,-0.053696098
122285,-0.026850822
125169,-0.033242382
123709,-0.043948497
125141,-0.056556856
125105,-0.065272646
122463,-0.052359667
125123,-0.056972953
121796,-0.044245766
118931,-0.026814558
118058,-0.03953747
120138,-0.045799982
119625,-0.026110605
116545,-0.052325007
115520,-0.028642724
119153,-0.057592369
115897,-0.046490546
117998,-0.044646996
115147,-0.057233118
117319,-0.038791066
117426,-0.044449763
119723,-0.004962073
117783,-0.016285355
117550,-0.026910514
116224,-0.077905928
119590,-0.006888075
114809,-0.026261397
119242,-0.093142005
116723,-0.057180804
115851,-0.018732105
119527,-0.05404778
116340,0.007189509
118995,-0.05167756
118799,-0.020243004
115708,-0.034958011
115600,-0.052433689
120316,-0.013633469
116126,-0.032790175
117177,-0.023815723
118370,-0.041355543
117113,-0.018156656
118824,-0.044994509
115959,-0.007359998
116590,-0.005730533
119803,-0.039093523
117505,-0.028914191
119974,-0.046560768
116652,0.034811667
120370,-0.056667821
119750,-0.038908529
114453,0.069938484
117275,-0.046589855
120076,0.007421862
118691,0.036149136
114417,0.092807717
119858,-0.048400926
118637,-0.063420048
117667,-0.045071224
119386,-0.059116493
114319,0.049870431
118281,-0.00777135
114382,0.102977259
114710,-0.06042543
116867,0.019858469
116046,-0.035681813
118511,-0.037814169
119894,0.023760251
115824,-0.040120728
118753,0.023373508
117827,-0.051889732
116439,-0.055091139
114355,0.084063081
116288,0.034427238
118575,-0.029009965
114970,0.019605847
116983,0.028705998
119466,0.01519301
119331,-0.062509645
116796,-0.005836966
115236,-0.052866141
119661,0.000384728
116395,-0.036341015
116171,-0.01183441
115637,-0.017798144
118209,-0.010592449
115771,-0.056306266
120343,-0.026690361
115307,-0.006726956
116938,-0.013714661
120174,-0.031624263
114925,-0.057517405
118469,0.005378964
115076,-0.025549381
120218,-0.019955158
114603,0.042110807
115575,-0.001402987
114514,-0.009741911
116493,0.023137598
120254,-0.003853474
119206,0.008606867
115183,0.016598796
120511,-0.016992181
118094,-0.02216736
117042,-0.006549205
120478,-0.020038792
120487,0.116921844
117925,0.099150644
115389,-0.003796442
120502,-0.00342668
120496,-0.021845629
114854,-0.046717726
108552,-0.009374845
107715,0.004964068
108945,0.016232534
106620,0.014161036
107350,-0.022880987
108598,-0.037038446
108473,-0.036165112
106559,-0.031220636
108614,-0.022782763
108632,-0.035332318
107270,-0.044294958
106648,-0.01114675
108455,-0.042845109
108151,-0.0192475
106979,-0.040243684
106318,0.012365446
108696,-0.037293181
108400,-0.012216904
107546,-0.042829493
109005,-0.055845986
107975,0.010584141
106461,0.069032208
108963,-0.014598327
108240,-0.045297594
109504,-0.044242338
107662,0.03655643
107519,-0.043525364
106684,0.035916633
107403,-0.042332532
106746,-0.039000235
179604,-0.075579577
107485,-0.063058203
108204,-0.049145756
109096,0.008358198
106782,-0.052943017
108348,-0.021047347
108892,-0.048397377
108017,-0.041018897
107001,0.023971571
107154,-0.064009608
108874,-0.033879361
106407,0.080186805
107582,-0.040072014
108106,0.017793768
108035,0.022832977
106363,0.058203816
107083,-0.036835468
108712,0.038409653
108222,-0.044290166
107920,-0.03874941
107733,-0.012128504
107118,-0.038814475
108491,0.00827343
108268,-0.011537461
109176,-0.038994402
106817,-0.039787904
107047,-0.006706553
107190,-0.035663199
109265,-0.053040293
107234,-0.053372873
108366,-0.043026773
109425,-0.044499925
109354,-0.021087343
107430,-0.018722596
107868,-0.026536578
179837,0.004947278
179846,0.038606662
108794,0.029850475
108918,-0.024023537
179855,-0.01649127
109041,-0.036943043
179622,-0.05099212
179864,-0.018171739
107314,-0.037460342
179613,-0.049504474
108669,-0.053080506
110027,-0.05222992
109924,-0.076730258
112370,-0.072022219
112995,-0.047623408
110456,-0.083219539
110296,-0.027530692
112959,-0.09248292
112263,-0.073672892
113698,-0.060332608
111220,-0.092382811
110688,-0.069693039
111818,-0.075742364
111685,-0.048700235
112334,-0.05827871
112245,-0.036937046
113625,-0.069880709
110063,-0.070566243
110875,-0.049493049
112469,-0.030638437
112664,-0.063723331
110820,-0.01602065
111097,-0.066060758
112904,-0.082737938
109773,-0.049827245
111275,-0.062191244
112129,-0.053784684
110116,-0.088213233
109826,0.006185441
113233,-0.060734376
113974,-0.075908108
111989,-0.070661926
113518,-0.076528523
113607,-0.091503791
113732,-0.083867782
112076,-0.035121614
111006,-0.06545256
111916,-0.087658058
110740,-0.070856809
112600,-0.059535945
110946,-0.029853773
111587,-0.093213363
111480,-0.030764836
113153,-0.057993275
110571,-0.099145575
113466,-0.054398027
113894,-0.041763232
112806,-0.08536452
110232,-0.06376812
111863,-0.031532557
112548,-0.048226162
110535,-0.115538003
111417,-0.081608304
113929,-0.090838458
113395,-0.073277354
112030,-0.045275313
112771,-0.091458146
113206,-0.04953259
111550,-0.076468299
111444,-0.072123641
112744,-0.075128791
113493,-0.075217541
113849,-0.066402584
114060,-0.073176513
111783,-0.057538114
114079,-0.066610145
112879,-0.05253626
95943,-0.059038196
95667,-0.067961535
98337,-0.059263675
99370,-0.069560128
96815,-0.044648886
100148,-0.048568956
99101,-0.045761056
98998,-0.048085555
95355,-0.059460318
97321,-0.040766013
98649,-0.038712105
96334,-0.064703173
96147,-0.058624046
97606,-0.048516551
96478,-0.038896377
99879,0.007310176
99478,-0.046473956
100086,-0.043871587
100004,0.020107745
98257,0.01465673
95872,-0.040500581
98505,0.081006873
97009,-0.01503505
97090,0.02951107
98738,0.021805749
96637,-0.039449541
99968,-0.034330107
98774,-0.04484365
96664,-0.039940876
95391,-0.055516232
95747,0.097837917
95792,-0.008005097
97679,0.091238519
96940,0.022303076
98220,-0.033391141
96003,0.014760296
98373,-0.017012887
95159,0.071956092
97919,0.177891953
95060,0.111046168
97465,-0.052989772
99165,-0.048052169
97722,-0.015090889
95471,-0.019408312
99209,-0.043985915
96058,-0.031347096
99922,-0.002720293
98435,-0.015111401
95612,-0.049712245
99058,-0.027029372
98168,-0.052048972
97517,0.049460799
95293,0.063963022
96254,0.127000435
98300,-0.035709804
95088,0.110356209
98603,-0.050350214
97438,-0.045899353
96370,-0.020501728
100219,0.035494835
96110,-0.036932418
98827,-0.007597908
97777,-0.014279982
98113,0.060318114
96423,-0.043630588
97394,-0.039559014
96888,0.013642492
99673,-0.037548272
97875,0.002868599
98685,-0.0520668
97241,0.033590492
97189,-0.054475419
96717,-0.053542082
96192,-0.054543387
98916,-0.025974979
99780,-0.050184615
97553,-0.045709662
98202,-0.050449207
96904,-0.06842604
99441,-0.056832515
96593,-0.072090829
100273,-0.03830569
98051,-0.056211333
100362,-0.060146453
100282,-0.042623423
95499,-0.002101218
100308,-0.050963663
99290,-0.008137681
97063,-0.052060203
100317,-0.063795664
100326,-0.036213408
99539,-0.041902384
97811,-0.039372529
100335,-0.027240378
100344,-0.056451811
99600,-0.049326734
100353,0.228994539
95239,0.166995709
103960,-0.067293194
103283,-0.071451916
100709,-0.056460523
105794,-0.087868322
94429,-0.042527943
93717,-0.084478818
100754,-0.06734819
94688,-0.025402728
92765,-0.061790686
94045,-0.082972646
100683,-0.053861536
100736,-0.027249193
100852,-0.065952972
94269,-0.077675738
94107,-0.066089792
92658,-0.034818129
94456,-0.092199547
103862,-0.071803412
93600,-0.054218389
102749,-0.028948706
93067,-0.068993189
93575,-0.038226377
92836,0.000131674
94795,-0.042277538
93628,-0.00761687
101056,-0.049906716
94161,-0.03189461
100923,-0.06968963
93101,-0.055390259
92872,-0.045867287
94535,-0.035159507
105026,0.020147505
94330,-0.072191917
102641,-0.00332815
94081,-0.020380032
93156,-0.024946871
92989,-0.044149563
94492,-0.024980226
92701,-0.058057023
179784,-0.035541803
102240,-0.035228846
92783,-0.066558102
179793,-0.050000976
179971,-0.082590529
93209,-0.072444262
101243,-0.047156739
179800,-0.06290208
93236,-0.020409643
179980,-0.026084477
102703,-0.034221281
179999,-0.05968243
93021,0.015758289
179819,-0.015476669
94376,-0.021402659
180000,-0.042284464
179828,-0.030605324
104270,-0.01197735
180019,-0.069361812
92907,-0.074020727
93735,-0.053126077
179702,-0.069968145
93646,-0.032249
93995,-0.041847232
180064,-0.048496527
100870,-0.017425039
180046,-0.034300218
104421,-0.02498132
101902,0.005284705
103513,0.010475854
104546,0.072785702
105160,0.069963697
103443,0.019418422
104243,0.093857718
100969,0.157979991
104582,0.07335991
102473,0.121673589
102160,0.224335024
100576,0.117500707
105570,0.251014672
105419,0.210360132
179481,0.332241007
100834,0.241264664
179463,0.239316626
103130,0.105566987
179132,0.1615583
179551,0.302483609
179285,0.213635268
102605,0.196961931
101298,0.07327873
179310,0.267341017
179515,0.152997871
101957,0.125649236
179249,0.239213309
102570,0.213717079
101742,0.182594942
179347,0.195056623
179221,0.223358713
102035,0.209972697
179533,0.213158651
179409,-0.017004773
179383,0.131889158
102213,0.155277198
101145,0.168996254
102525,0.061306375
105936,0.044697077
102543,0.054798308
179588,0.019601616
83936,-0.010054625
83632,-0.014200245
84148,-0.030677814
83491,0.013737819
86133,-0.02316167
85528,-0.008453163
84460,-0.05006422
84344,-0.007998059
85877,-0.042718962
83561,-0.034769629
85412,-0.021852513
84594,-0.011603081
84558,-0.01298103
85760,-0.016697476
85920,-0.001202883
84656,-0.035079344
84086,-0.010406194
83464,-0.014830875
85341,0.014661631
86339,-0.024992861
86311,0.003570131
84754,-0.034572161
86366,0.012948309
84175,-0.00485125
85074,-0.030030142
83785,-0.024454204
84825,0.033573271
84264,0.043259604
84415,-0.009954169
83963,-0.003450274
83749,0.017022498
83375,0.030463041
83981,-0.006180588
83847,-0.008227495
85984,0.006710813
83320,0.014612142
85467,-0.031765575
85289,-0.035562239
83197,0.022809967
83133,0.016720502
84629,0.023656937
84923,0.000823944
83525,-0.013436129
85056,0.000537454
85582,-0.002575504
85840,-0.017176434
86222,-0.009066615
86188,-0.005423004
84380,-0.001920562
85243,-0.051662796
83428,-0.068249838
86495,-0.0122204
85626,0.005417519
86461,0.037416342
86446,-0.02457699
85788,-0.022680154
86479,0.054057892
85680,0.067075228
86519,-0.004160626
86438,-0.008839341
84237,-0.02741112
86487,0.018107347
85127,0.000474635
86501,0.015771094
83151,0.06741766
84102,-0.033689242
86453,-0.03594682
88920,-0.082189729
91447,-0.094026824
88350,-0.058029315
87745,-0.073166253
90805,-0.034122798
91795,-0.092307871
88788,-0.035522595
87291,-0.08972687
87362,-0.065826666
88868,-0.073745993
92177,-0.103446086
87843,-0.064921508
90208,-0.066062123
92097,-0.10582255
88092,-0.068603545
89687,-0.097505455
91937,-0.076201045
88546,-0.054499139
89561,-0.090402726
89080,-0.086664657
89240,-0.030712971
89856,-0.066738112
91330,0.007463108
90663,0.012571128
89801,-0.000725673
89954,-0.078900524
89428,-0.073598082
91982,0.003444692
87665,0.014290831
86687,-0.013002701
90994,-0.023820983
87638,-0.041866589
86749,0.01084053
91688,-0.021744207
89151,-0.045901795
90431,0.023318353
88047,-0.015145998
90262,-0.026421137
88261,-0.014780277
86810,-0.00217074
87424,-0.048508678
90066,-0.057499361
86883,-0.050598454
90342,-0.026018608
89026,-0.067383678
88449,-0.018064315
86936,0.000143926
88644,-0.018499435
91535,-0.057898029
90119,-0.050842507
87576,-0.024730925
90725,-0.034238679
91731,-0.038259202
91232,-0.017800647
89348,-0.035451509
91624,-0.044604348
90538,-0.042912737
87077,-0.05993896
86990,-0.03687561
91116,-0.042300256
87996,-0.033319813
90878,-0.044509283
91054,-0.056585726
87246,-8.31804E-05
87175,-0.035203604
87219,-0.025433955
87059,-0.075582984
87139,-0.054163245
103087,-0.003511903
102794,0.0031495
105623,0.025760977
105972,-0.02567912
101163,0.061167124
102348,-0.019305917
101190,0.001379581
104831,-0.031825708
103407,0.027217872
104485,0.006518642
104225,-0.029045344
101378,-0.017946533
101617,0.071917474
104136,0.035202594
101984,-0.031938143
101519,0.01687937
100781,0.009552559
103693,-0.022534095
105874,0.023289354
104047,-0.045836378
102071,-0.013526564
105106,-0.01066236
103238,-0.063915414
105776,-0.025863346
102106,-0.043497793
101662,-0.036540743
103372,-0.053514331
104975,-0.064076697
105348,-0.039455935
104118,-0.049078805
104680,-0.067616513
103470,-0.069682944
104788,-0.083864066
103899,-0.067097758
101001,-0.055795756
102446,-0.059000579
154709,-0.077045617
102909,-0.033375648
103354,-0.071004175
105295,0.015983208
104519,-0.061821943
104715,-0.063460428
103309,-0.09094257
100521,-0.061158744
100549,-0.046047365
103194,-0.08547334
179748,0.026613371
103997,0.085161899
179775,0.0962819
179757,-0.024330849
179766,-0.066660311
103639,-0.062219251
105909,-0.082612543
179739,-0.068762271
75356,-0.077254529
75613,-0.056965495
75338,-0.087424262
77028,-0.066066089
75864,-0.098703389
76497,-0.057487145
76406,-0.052438296
75766,-0.059125381
76175,-0.058999413
75917,-0.059842531
76638,-0.076547837
75819,-0.051196277
77288,-0.088692815
75953,-0.042848418
77509,-0.060417354
77377,-0.051014304
75686,-0.073141528
76932,-0.080302449
77260,-0.068546649
77475,-0.053313364
75472,-0.074398742
76004,-0.068119845
76692,-0.025794271
77536,-0.080592712
75203,-0.037911167
76040,-0.01980108
76255,-0.065945808
75668,-0.04997558
76718,-0.072100005
76157,-0.05268905
75221,-0.024833892
76745,-0.02109812
75515,-0.036799726
76139,-0.041746582
77082,-0.044538665
76282,-0.052548792
77402,-0.042359097
77126,-0.059205728
76558,-0.054377804
76111,-0.049871786
76601,-0.052124252
76317,-0.005116301
76969,-0.042669177
77224,0.013744764
76674,-0.051999312
77331,0.033908207
75098,-0.001395421
77313,-0.052692039
76353,-0.06223146
76996,-0.050553021
77153,-0.003875444
75150,0.100463488
76763,-0.069711574
76585,-0.02733034
75114,0.043484176
75711,0.00244395
77180,-0.034766729
77595,-0.019642964
75258,-0.034975907
77579,-0.047481563
77587,-0.042746266
76807,-0.020359581
75542,-0.069576443
77561,-0.081793959
79834,-0.043798707
78258,-0.040629121
81380,-0.038481413
78711,-0.019297276
79308,-0.018598318
80908,-0.035550838
82136,-0.026313842
81987,-0.042885899
81576,-0.033842676
82430,-0.062540609
81095,-0.050420772
81184,-0.022932882
78089,-0.014205627
79362,-0.046983022
78542,-0.050795464
81754,-0.052343822
78873,-0.055924333
80677,-0.025474206
78748,-0.04127837
78668,-0.02775714
81415,-0.060889072
77812,-0.041332174
81497,-0.061915369
77910,-4.04246E-05
81861,-0.040526822
78472,-0.052458501
82396,-0.030824425
80427,-0.050448423
80123,-0.018142774
78016,0.05748064
78329,-0.068508363
79736,-0.015112839
79406,-0.060469422
78926,-0.062288736
80365,-0.047595833
79656,-0.012097882
80711,-0.061933002
80766,-0.071291372
80613,-0.067198351
78454,-0.081431471
80285,0.049870238
78828,-0.058389021
78141,-0.023937461
80846,0.018897523
82243,-0.077324223
79585,-0.045195695
81816,-0.061434268
82831,-0.067721936
80980,-0.048804891
80043,-0.088383034
80249,-0.067200636
78604,-0.056652943
82047,-0.058948355
81264,-0.029412665
82733,-0.026510116
80506,-0.082069627
81656,-0.059653775
79497,-0.074841845
82617,-0.031981522
79077,-0.079571116
82779,-0.075015334
82555,-0.063649111
79157,-0.069537243
79932,-0.066972944
82314,-0.06892157
79237,-0.058520337
82680,-0.057825577
80560,-0.056439503
82895,0.051275016
79004,-0.003905296
71340,-0.06081891
73371,-0.069211228
70414,-0.054840072
73102,-0.045589135
71055,0.036162935
70744,-0.086512738
71126,-0.042066015
72677,-0.026752735
74171,-0.098419579
74073,-0.046216114
72819,-0.107078221
71723,-0.081776546
70174,0.044337921
73246,-0.015697372
71910,-0.031796019
72604,-0.117544525
70968,-0.123767644
74242,-0.106880296
70094,0.025738114
72409,0.109134196
70986,-0.120011872
74135,-0.129413986
71260,0.001195517
71536,-0.115453855
73629,0.184185753
69900,0.056067245
73923,0.011885712
74616,-0.095176146
74705,-0.105203859
74359,-0.07480018
69964,0.003215853
73503,-0.095466597
70110,0.053500032
72150,-0.064191671
74028,-0.075714358
73709,-0.085688986
74750,-0.041599925
72926,-0.038585886
74411,-0.072408505
74732,-0.075427904
74509,0.019942708
71518,-0.075777795
74322,0.002542338
71457,-0.01688832
72882,-0.070897583
74536,-0.072580312
72052,-0.072301411
71572,-0.055108952
71787,-0.076057837
70502,-0.037297748
72953,-0.051690709
73335,-0.050828562
70726,-0.063907721
72383,-0.066676492
72221,-0.018119412
71634,-0.075787102
71698,-0.038312876
73031,-0.068903507
70316,-0.067680936
74224,-0.064413876
72533,-0.055206269
73317,-0.071956861
70520,-0.059275289
74554,-0.0672911
70352,-0.098963564
74581,-0.067092013
72098,-0.06963389
73736,-0.076558551
70940,-0.072485858
71956,-0.058801431
70637,-0.069881387
74108,-0.056562854
71858,-0.073489173
73905,-0.046620295
73013,-0.08891347
70897,-0.054077968
72579,-0.078348015
73996,-0.059107118
72980,-0.081054515
72034,-0.069097663
72463,-0.069779529
72007,-0.079680687
73567,-0.049191746
71607,-0.064427363
70879,-0.067102723
73460,-0.045604141
74842,-0.05337151
74859,0.270494409
71885,0.074405083
74867,-0.078417168
72640,-0.078192587
70566,-0.013312122
74875,-0.021658516
74883,-0.074460546
70673,-0.077169675
74891,-0.070987832
72506,-0.065117924
71812,-0.057486005
73594,-0.061682289
73665,-0.063585859
74907,-0.058071059
73068,0.112100419
74915,0.014195246
74923,-0.062106257
73852,-0.053881781
74931,-0.097460863
73772,-0.065831795
74949,-0.056611424
71199,-0.027931851
72276,-0.084874258
74956,-0.086537381
68182,0.011257294
68716,-0.054291859
68404,-0.051479624
68565,-0.059944348
66330,-0.046147661
69303,-0.054342829
66438,-0.060758935
67942,-0.060767787
69394,-0.069464458
65609,-0.028749827
69526,-0.049121171
69615,-0.050494502
65921,-0.075822845
65645,-0.03337257
69447,-0.065409612
69063,-0.062716524
66526,-0.039884395
65869,-0.041815774
67522,-0.028836268
68921,-0.038840273
68324,-0.01425547
65477,-0.006427217
65413,-0.018770803
65841,-0.04660969
65379,0.018154031
65431,0.033617933
67835,-0.044611545
68002,-0.025653888
67595,-0.020122147
67737,-0.004013658
65342,-0.020930904
67407,-0.006582775
67675,-0.036573679
65501,0.028957294
66474,-0.031458757
66731,-0.016731505
66580,-0.022787689
66198,-0.033229722
67292,-0.040687779
67470,-0.031400614
68280,-0.028729796
67014,-0.03094518
68789,-0.036082816
67167,-0.023052151
69170,-0.042367846
67327,-0.008198956
65707,-0.029103274
67648,-0.029637596
66401,-0.006384481
66955,-0.011709087
68048,-0.037350763
65681,-0.048766172
66697,-0.007438287
68529,-0.01977352
104387,0.003644889
101564,-0.008864123
68627,-0.018780946
66768,-0.025278939
65752,-0.028000769
68128,-0.024248039
66152,-0.022263363
66081,-0.038303692
68253,-0.070642459
67121,-0.02460911
101840,0.030067705
67906,-0.01711962
102286,0.066102739
68976,-0.045628841
68342,-0.027607033
105534,0.032350632
68468,-0.017482682
105142,-0.014314581
66857,-0.045106843
68431,-0.031467552
101341,-0.021204215
68887,-0.087214278
179935,-0.026629995
69250,-0.017561646
179908,-0.058750038
66223,-0.057926165
179917,-0.055378235
179891,-0.025355134
67773,-0.014097738
179926,-0.077611557
69330,-0.06430781
179711,-0.035834586
67256,-0.032138922
179640,-0.037012656
66009,-0.02601999
64041,0.007251567
63802,0.000170195
64997,-0.021492857
64826,-0.024632841
64871,-0.005741571
63447,-0.029009685
64096,-0.030896071
63740,-0.045833389
64194,-0.01725621
63893,-0.012020417
64602,-0.027604395
63777,0.015592101
64130,-0.025364833
64345,0.004710722
64318,-0.021562829
63866,0.017430032
65048,-0.033036123
63394,0.017907834
64390,0.038924319
64942,0.075237961
63937,-0.033790314
63526,-0.079508383
64005,-0.036588448
64773,0.026638616
64425,0.090974985
64639,0.015633149
65011,-0.038701701
64238,0.06275568
63553,-0.053333442
64265,0.013724578
63580,-0.015661854
63688,-0.008807406
65113,0.049861879
64906,0.021210672
65121,-0.029102502
64568,-0.024716209
65147,-0.031512295
65105,-0.041750979
64461,-0.020986437
64504,-0.023417092
65139,-0.024578389
63633,-0.017505584
65099,-0.026325333
64719,-0.040906244
65154,-0.040310855
61808,-0.071142322
60801,-0.066501625
62823,-0.060842112
61256,-0.067627443
62253,-0.037266439
63170,-0.051064762
62609,-0.050777541
61559,-0.045084961
62020,-0.029727991
63045,-0.058376202
61513,0.005137521
62878,-0.006731113
62949,-0.035403775
62191,0.012955205
62903,0.000710258
62440,-0.009132768
63152,0.031253759
63189,-0.016330627
60507,0.065889253
60776,0.006196662
60687,0.077219623
62761,0.023308418
62798,-0.016416947
60847,-0.015016955
60419,0.063938916
62707,-0.014340194
61005,-0.043787035
63125,0.075302619
62360,0.047850033
61283,0.010073743
61951,-0.051756287
62486,-0.047238017
60883,-0.031867331
61620,0.070121007
62057,-0.054067504
60570,0.11487422
61675,-0.033742944
61318,-0.018790904
60534,0.06305613
61069,-0.054964923
62538,-0.042818657
60455,0.004236147
63072,0.014470214
61737,-0.043383481
63161,-0.045354327
61210,-0.025800257
63198,-0.009225801
60598,0.054306683
61871,-0.039772925
62672,-0.001184547
61452,-0.012656635
60482,-0.014325564
61167,-0.043020183
62397,-0.042758944
60945,-0.007436963
60632,0.044236454
62137,-0.004501559
63294,-9.26625E-05
63286,0.062581291
60721,0.043168576
61121,0.002350169
63300,0.015218061
61372,-0.034588752
63334,-0.029512443
62985,-0.039278147
63326,-0.053920825
61826,-0.056920237
63278,-0.050932443
63318,-0.001061885
62280,0.007628
54537,-0.029558127
52785,-0.029635976
53247,-0.035336089
53728,-0.02631447
53639,-0.040677936
53755,-0.039350228
51500,-0.045162775
51877,-0.033584323
53372,0.002790867
52936,0.004496993
54699,-0.03726073
52062,-0.045173357
51207,-0.046485786
50969,-0.018344955
52758,-0.016864106
54617,-0.032160485
51332,-0.055353192
53210,-0.058286319
52650,-0.053134458
51626,-0.037973949
51010,-0.058504009
53425,-0.031055062
50790,-0.050817774
50987,-0.029354806
52856,-0.055951652
52696,-0.054676613
54412,-0.032219869
54350,-0.035428106
53167,-0.0482711
51699,0.006241296
54305,-0.054589084
51546,-0.057434983
51751,0.003734393
51804,-0.047532243
52954,-0.063456277
54485,0.012750497
52990,-0.050419802
54500,-0.034755985
51662,-0.045468278
54056,-0.053203269
52035,-0.080372758
54270,-0.069659969
51118,-0.077591486
54573,-0.034040737
50889,-0.099431229
51243,-0.062409599
53577,-0.070995487
51387,-0.032615958
53675,-0.019089768
51573,-0.046833959
53327,-0.106769351
53130,-0.096258996
51948,-0.034929762
51984,-0.04098492
52721,-0.094423209
52160,-0.080512195
53069,-0.091355269
53791,-0.067046615
53345,-0.054283071
53103,-0.080566997
54109,-0.05053555
52115,-0.096478255
53023,-0.087851912
53513,-0.041506091
53274,-0.053232959
51840,-0.076745834
51305,-0.083796571
53700,-0.074200292
51056,-0.082794148
52570,-0.08126955
54163,-0.091543117
52909,-0.073804596
50923,-0.134149765
53853,-0.089411406
51449,-0.094818865
54387,-0.063380036
53489,-0.071312869
103764,-0.0476202
101083,0.039920399
94223,-0.041956255
93370,-0.063285568
93851,-0.033586039
93888,-0.080718773
103032,-0.030250837
93487,-0.011102924
105455,-0.038689592
93539,-0.046995296
94562,-0.036589556
104341,-0.06048663
104886,-0.052653119
103014,0.035861427
94731,-0.028495639
94768,-0.058087608
93931,-0.065550357
92961,-0.033314297
105712,-0.062857367
93281,-0.022530023
103568,-0.065997266
93771,-0.038466342
104635,-0.007633429
93664,-0.0391899
105222,-0.053360585
93815,-0.053382072
94580,-0.027894484
94125,-0.052357503
102838,-0.080722681
94651,-0.057729806
102945,0.060135798
94606,-0.083531024
93085,-0.052400744
92587,-0.02610717
104323,-0.061879374
93441,-0.076416494
94312,-0.041729083
93325,-0.049473031
92569,-0.039791912
104083,-0.071057566
102419,-0.0672313
104181,-0.083138296
105384,-0.054066708
101822,-0.065364517
100638,-0.046953091
105605,-0.042518444
105259,-0.05280847
104751,-0.061972119
100610,-0.062117228
101804,-0.044481859
101724,-0.071189695
105829,-0.036281296
179962,-0.051529238
180055,-0.052351606
101458,-0.043907624
57083,-0.042739924
56666,-0.034299438
57314,-0.047023671
59942,-0.053885121
55062,-0.022355353
55008,-0.052860461
59130,-0.083282791
56096,-0.063008807
55160,-0.020259411
55106,-0.053568664
59880,-0.05215631
57449,-0.067780906
58552,-0.020026617
58856,-0.074228754
55623,-0.061877864
59498,-0.0701833
58142,-0.018000713
57644,-0.022999294
55384,-0.044265995
55776,-0.066383531
57546,-0.065805051
60099,-0.040340754
59826,-0.060798935
59416,-0.007703131
55473,-0.030093458
59586,-0.011765064
59041,-0.025541987
56265,-0.024594089
56210,-0.03138697
56988,0.079850454
55446,-0.06126586
56327,-0.095148795
57948,0.016454318
57831,-0.086085766
58794,-0.06127252
56773,-0.090089441
55838,0.117235424
58204,-0.032797627
58259,0.057408814
59434,-0.030476816
55687,0.10187329
59283,-0.046047057
54975,0.102821129
56354,-0.038712994
56568,-0.03556736
58623,-0.070021798
58393,-0.06000782
56522,-0.077697212
56461,-0.061012082
58464,-0.043960299
57350,-0.022531701
57902,0.047879239
59657,-0.058377364
57706,0.151988883
59238,-0.044394609
57742,-0.048062084
57582,0.108648019
59327,0.034968495
58534,-0.036235834
55598,0.030883909
57225,0.084522542
56014,-0.060334456
59764,0.014108606
56844,-0.050279475
58990,-0.033998801
58357,-0.035339334
60026,-0.035144168
55259,-0.037872598
55918,-0.047687289
58918,-0.013965183
59693,-0.053937325
60062,-0.023199733
55311,6.49717E-05
58008,-0.054958227
55357,-0.006054726
55277,0.000374246
58721,-0.052943871
58311,-0.025551247
56425,-0.001225878
57163,-0.033691602
60169,-0.044537433
47079,-0.078710305
47186,-0.10074103
47630,-0.098416642
49484,-0.035592523
45245,-0.099734823
50068,-0.095436156
48682,-0.028486625
45673,-0.071607603
49233,-0.105264223
50228,-0.101299269
46180,-0.042933794
49769,-0.046025446
47916,-0.078205515
45539,-0.112670543
48165,-0.095305128
44845,-0.044950045
46108,-0.126476283
47417,-0.114093097
48842,-0.075451582
49313,-0.110016362
45389,-0.100169522
47006,-0.050171642
48968,-0.036192583
47818,-0.096338837
45003,-0.1006455
46439,-0.091875345
45888,-0.125145688
48021,-0.113195793
50399,-0.081790729
50022,-0.010032822
48922,-0.089197777
50415,-0.069433089
45361,-0.078276829
44934,-0.08126042
48325,-0.058166083
46554,-0.085526438
48227,-0.079361849
45101,-0.062821267
48557,-0.084119616
45959,-0.061495506
46019,-0.070500615
46830,-0.073569769
45334,-0.079483949
50479,-0.049794934
48771,-0.03928822
50326,-0.08199614
44989,-0.065949524
45753,-0.065673059
50102,-0.014262539
49206,-0.047743715
46313,-0.068124784
49643,-0.047648682
46377,-0.054901448
47373,0.014491789
49956,0.002263366
44818,0.002895627
49073,-0.048004187
47453,0.018404504
48487,-0.050396685
49019,-0.068351452
45619,-0.061033441
47854,-0.070542766
49625,0.08694857
45815,-0.073654035
49849,-0.020257143
46769,-0.031119719
46484,-0.007333718
49894,-0.034109407
46251,-0.058902524
49153,-0.060609941
46803,-0.047017943
49545,-0.060272977
47774,-0.046723842
47300,-0.067150804
47159,-0.07666921
49046,-0.085311967
44863,-0.077791723
48744,-0.093656082
45496,-0.070814924
48138,-0.078946995
46867,-0.072832413
49439,-0.083869386
46910,-0.073730659
47337,-0.082027048
50549,-0.071374423
47578,-0.071641639
50564,-0.070571445
40768,-0.007746389
40704,0.026516917
41248,-0.010588296
40394,-0.028784633
41701,-0.009829603
41284,-0.001254167
41943,0.0212616
42156,-0.008602884
41177,0.002638924
40526,-0.001574779
42076,0.005373356
40820,-0.001699074
40857,0.005833131
41382,0.017307759
40544,0.033305802
41578,0.007610904
41818,0.022529592
40278,-0.001098612
40955,0.060536365
41417,0.088543466
40928,0.028371161
42101,-0.0077655
41854,0.027852017
40606,0.117644658
41738,0.00402521
41113,0.014626655
41088,0.129321005
40241,0.012257007
41667,0.056983641
41346,-0.011102597
40198,0.087619536
41925,0.165190379
40465,-0.050474422
42058,0.037465377
40214,0.205475871
42003,0.051164679
40688,0.028279292
40438,0.0652069
40367,0.072617801
40900,0.213318732
42183,0.012601556
40492,-0.012660531
40303,0.10093478
41471,0.033955737
40633,0.057516484
40991,-0.04365734
41541,-0.012261309
42498,-0.013365651
41033,0.103656576
42456,0.030696214
42236,-0.006236841
42480,-0.012537534
42472,-0.011085741
42398,0.004281722
42464,-0.008063446
42307,-0.007329145
41621,0.033720053
42449,0.005564619
38492,-0.105006909
38633,-0.107459807
35946,-0.098426432
37770,-0.068042368
36809,-0.108710059
39658,-0.112165444
38982,-0.076905569
36532,-0.083433793
38376,-0.096910459
36952,-0.06658473
38321,-0.097460779
37547,-0.091279889
38544,-0.068068237
37823,-0.064038842
37958,-0.083452904
37397,-0.071977197
37173,-0.112903209
37672,-0.066164928
36649,-0.093827884
39220,-0.094123017
39836,-0.100440881
36006,-0.081573449
36060,-0.110695821
37618,-0.085938122
36426,-0.065943137
39122,-0.083737318
39792,-0.080312583
39417,-0.086648429
38731,-0.085498797
38241,-0.078674777
39612,-0.077540937
39694,-0.080983132
38456,-0.056015296
37057,-0.07666842
36373,-0.082454222
37100,-0.075070816
38811,-0.037909086
39532,-0.062411729
39168,-0.080207865
35839,-0.016570934
37850,-0.064957299
39328,-0.078480838
38063,0.00307983
37459,-0.072746953
37217,-0.049855242
36453,-0.068931573
35731,-0.028639849
35884,-0.030634906
38848,-0.070156343
39738,-0.008945419
36131,-0.077438419
35759,0.013677131
36300,-0.0233975
38893,-0.082487555
36756,-0.020993839
36499,-0.123098354
39266,-0.083723479
37912,-0.065956426
36907,-0.032094936
37734,-0.059945066
39872,-0.038816889
38679,-0.07823614
37280,-0.060943905
37324,-0.04159356
39391,-0.036056623
38580,-0.052973003
39051,-0.068769018
39983,-0.059658001
38161,-0.054415171
39967,-0.078102778
39975,-0.042823044
36569,-0.04519646
39959,-0.084559348
36676,-0.093491894
39942,-0.086650159
37011,-0.081262788
36202,-0.090567237
40035,-0.098432519
43563,-0.050847792
43867,-0.077999602
44391,0.021579813
43992,-0.012572424
43929,-0.063302979
43698,-0.092426272
43787,-0.042920664
43732,-0.070872144
43279,-0.088835995
42682,-0.001690189
43242,-0.052788072
42708,0.02527251
44140,-0.06551372
43652,-0.045810718
43180,-0.077054169
44462,-0.068860759
44202,-0.022738337
43466,-0.073106489
43331,-0.066526143
44177,-0.016849358
43625,-0.070543887
43313,-0.027000373
44355,-0.046294443
43117,-0.070972189
42753,-0.090296224
42771,-0.087254869
44113,-0.082894005
42913,-0.044175405
44505,-0.038622134
44060,-0.054098588
44300,-0.054609263
43411,-0.064972154
43019,-0.070666343
44532,-0.06368275
44328,-0.085874715
43493,-0.066657523
43073,-0.061359399
42842,-0.049600692
43812,-0.082414562
42824,-0.052293355
42968,-0.086808357
44435,-0.051717678
44257,-0.027615941
44560,0.048591014
34360,-0.032956386
34618,-0.014161337
34333,-0.007283054
35054,-0.041285902
32599,-0.036946937
33621,0.00580676
34280,0.000239587
35429,-0.051798194
35152,-0.050210383
34155,-0.022454837
33177,-0.019791931
33603,-0.019326839
33337,-0.028194199
34262,-0.00606838
33248,-0.00798051
34547,-0.050337504
32544,-0.038464834
32811,-0.035777322
33364,-0.035815036
33514,-0.039507929
33989,-0.028765878
35090,-0.0247552
33122,-0.019066203
34235,-0.029152516
35269,-0.038814239
33202,-0.003579506
33382,-0.018899214
33541,0.012726901
32394,0.003246408
32633,-0.01478758
34903,-0.0069449
32483,-0.037550171
32660,-0.034553638
34770,-0.022161321
34075,-0.042268339
34690,0.020935386
32704,0.003159043
33435,-0.046582429
33658,-0.075206117
34645,-0.030683753
33765,-0.00950664
33015,-0.08532155
33275,-0.028112466
34850,-0.039177676
33952,-0.003921293
34985,-0.049612996
34477,-0.070790548
32768,-0.092901066
33845,-0.089473328
33881,-0.079988252
35312,-0.076812829
34422,-0.080526632
179953,-0.039066042
34173,-0.02356661
32884,0.024094935
179686,-0.023091952
32955,-0.050373671
179659,-0.046935966
179720,-0.035483831
33729,-0.019143025
179944,-0.043643552
34397,-0.023615723
29001,-0.022073922
32027,-0.049300051
31333,-0.016926107
31565,-0.023957358
30988,-0.012163831
28497,-0.03120591
26877,-0.040941327
27908,-0.035787096
32045,-0.026172398
30915,-0.050876956
27506,-0.048008118
27169,-0.024309048
27070,-0.034856785
27329,-0.059086764
31654,-0.033097357
28530,-0.031224873
28610,-0.024429366
31011,0.02276029
31262,-0.049357352
30568,-0.042585785
29038,-0.043112382
31208,-0.048813332
31128,-0.019129735
27631,0.200595181
27757,-0.022693319
31379,-0.000491942
26699,-0.037933743
26564,0.10996006
29724,0.026271295
31716,-0.015251259
29902,-0.005074207
29467,0.098236904
27212,-0.018516684
26653,0.172434192
30871,0.026248979
30274,0.091340373
27560,-0.030357081
31878,-0.032995842
26742,-0.011251266
30149,0.121260781
30069,-0.009956876
28816,-0.00843784
26582,0.178807523
31976,-0.026952339
32090,-0.036740973
29519,0.043034909
27686,-0.054860685
29341,-0.021137864
31510,-0.046112639
27935,-0.045109888
28335,-0.040115621
29154,-0.042476004
29662,0.029450996
29813,-0.016952108
30014,0.058866569
26975,-0.024434617
30844,-0.051627302
29573,-0.050099937
31789,-0.02388898
31057,-0.055804313
30470,-0.059071302
31841,-0.015322743
28077,-0.055584394
27846,-0.056212533
30648,-0.055417266
28139,-0.069712806
28665,-0.021882593
28763,-0.046813902
27383,-0.025751862
28941,-0.029797937
30719,-0.038619503
27285,-0.024978339
31921,-0.057507763
30416,-0.02362022
30229,-0.046721123
31422,-0.059066261
26804,-0.042980624
29403,-0.034807123
29243,0.007686376
27971,-0.034285031
30336,-0.055192486
31609,-0.036267248
29760,-0.039297382
30773,-0.00473098
28709,-0.040999588
26840,-0.063285839
29948,-0.035277805
26920,-0.075668699
27007,-0.054211373
28889,-0.092363439
28193,-0.088016097
32179,0.052917481
28246,0.035248543
32195,0.066073195
32161,0.125847129
28415,0.034531892
32187,-0.001760394
29092,1.50632E-05
27436,0.124126517
32153,0.032854181
22576,-0.010890996
22111,-0.03503975
23207,-0.044730933
24999,-0.041956572
20778,-0.047036066
24711,-0.001071775
23644,-0.033184893
25228,0.006810887
21506,-0.012091542
24427,-0.052605241
22718,-0.044992901
21123,-0.03191828
21196,-0.053926726
22781,0.019481652
21891,-0.063712671
23127,-0.06327484
20313,0.092150899
26289,-0.061018223
20466,0.037168148
21597,-0.045674483
24338,-0.049154779
25291,-0.031387976
21668,-0.020354835
20297,0.020949813
22488,-0.06051387
25932,-0.040649424
20359,0.031664488
25488,-0.06007308
23975,-0.04179629
24837,-0.070117834
20411,0.043205379
25629,-0.020937969
25521,-0.076328666
23350,0.007326775
23387,-0.062110844
21098,-0.049062616
23868,-0.068897061
21007,-0.027979584
21338,-0.046911668
24089,-0.053085336
20876,-0.069113728
24631,-0.038030178
25148,-0.036361813
26118,-0.075746552
22941,-0.032982639
23494,-0.078816485
22460,-0.025999527
23289,-0.039567313
20821,-0.017384263
22166,-0.017756431
24187,-0.050093731
22665,-0.072222913
21418,-0.043359142
21855,-0.03633691
22898,-0.037474542
24766,-0.034781365
22380,-0.019897497
21454,-0.041132053
22237,-0.095866044
21971,-0.054016829
20607,-0.035159032
23047,-0.077779997
22834,-0.083320944
24034,-0.037085335
20965,-0.046881504
23948,-0.045031977
25825,-0.00753046
25745,-0.05224374
20563,-0.036586996
26083,-0.033589036
20910,0.02778713
24276,-0.037132113
24524,-0.072731071
25068,-0.022682427
21560,-0.006551196
21757,-0.045797994
21720,-0.007733491
23797,-0.027687193
22059,-0.044904443
26029,-0.039334289
23449,-0.041320339
26338,-0.024421403
20670,-0.019026335
26346,-0.024778028
25692,-0.018876941
26379,0.034300091
21249,-0.000631658
25362,-0.045830163
26353,-0.055609116
25861,-0.023994852
26361,-0.022740871
26320,0.013223638
23715,0.012134172
11423,-0.031913558
9798,-0.037134831
12849,-0.009728599
11735,-0.018722529
10532,-0.050121538
12126,0.018694625
12224,-0.028594183
10373,-0.016164941
11236,-0.058191136
9459,-0.018249712
9930,-0.050222857
12055,-0.018896618
10916,-0.01234205
12242,0.01790378
9832,-0.052034979
9538,-0.048098301
11478,-0.043196632
11307,-0.077286483
10649,-0.091711455
12812,-0.017118851
10346,-0.051473561
12340,0.006999156
11398,0.012551859
9690,-0.066986896
10195,-0.036421886
11502,-0.011644305
11995,-0.009788295
12091,-0.035814179
10943,-0.079545909
10051,-0.044084453
12689,-0.092497111
12288,-0.032125349
10701,-0.076206448
9654,-0.031301145
11058,-0.088098823
11174,-0.087368767
12509,-0.015323436
11352,0.026961691
10293,-0.036027817
12368,0.006277811
12876,0.070572021
11584,0.034796513
12457,-0.05342189
9360,0.046544772
9627,-0.025729882
11762,-0.098817876
10417,-0.05990569
11637,0.012353479
9743,-0.063125676
10514,0.039192602
9262,0.023803982
9397,0.060154489
12037,0.007987351
9333,0.080475647
10239,-0.066725523
11539,0.015344406
12206,-0.006414581
10872,0.018014951
10453,-0.027120933
10104,-0.055554935
11940,-0.008282605
11664,-0.0902772
11842,-0.065946965
9574,-0.02787616
12572,-0.061690407
12778,0.037615583
12144,0.03486675
12643,0.029977435
10765,-0.041063981
12402,0.006948988
9887,-0.033183315
10006,-0.056166052
12912,0.0120033
9495,0.006783136
12920,0.012281792
9280,0.044501064
10827,0.032579137
12938,0.0505192
2381,-0.07918434
4525,-0.077923935
4767,-0.064030246
7197,-0.075798203
6119,-0.094431397
6468,-0.076323119
2130,-0.032221221
3039,-0.04394598
1455,-0.062916133
6592,-0.086736752
8158,-0.043894247
5336,-0.046966199
5309,-0.036173576
8229,-0.041002744
2577,-0.08901547
6048,-0.052836216
1794,-0.021342962
6976,-0.075538433
6271,-0.09036756
2915,-0.099655285
5167,-0.083835206
5755,-0.05439713
8425,-0.075075704
4302,-0.053929815
7446,-0.058080925
6627,-0.105363139
6397,-0.106267848
1213,-0.068664372
4703,-0.052933069
5826,-0.096675491
6761,-0.040853302
7865,-0.049948592
3459,-0.077525493
1151,-0.078297666
7767,-0.046781916
4981,-0.068741359
5103,-0.038442409
4008,-0.069653281
3958,-0.038177413
4366,0.036135268
7348,-0.039800056
8096,-0.006922304
1936,-0.080977218
4142,-0.015452755
4927,-0.015275045
1348,-0.052695178
5700,-0.027613439
5577,-0.012993184
7384,0.042005319
8354,-0.030446762
2309,-0.063951313
1017,-0.001128883
6164,0.003574252
2988,-0.017265765
3805,-0.05143343
1071,0.048700319
3761,-0.035546977
6930,-0.036273915
8826,0.017396991
3397,-0.001391582
7945,-0.020854943
3841,-0.087920629
4240,0.007716756
1874,0.046063289
4268,-0.050847553
7810,-0.041474781
6217,0.006284462
7044,-0.029007675
1696,-0.051298289
7099,-0.014233178
4482,-0.031664746
8014,0.000189214
4106,-0.022820893
9019,-0.014062291
6547,-0.018191996
5210,-0.034265883
4188,-0.033660182
9026,-0.037760441
17771,0.017544305
14049,-0.043082053
18527,-0.014154582
18554,-0.045211873
16329,-0.021236514
16908,-0.036213083
13524,-0.037401336
14405,-0.029879147
16472,-0.032637606
14753,-0.055554469
15741,-0.060648812
18858,-0.045706165
15830,-0.042921787
13999,-0.039855395
15448,-0.049792625
13490,-0.048084461
14922,-0.025299694
13819,-0.052984126
19141,-0.063309215
17619,-0.032335941
16551,-0.024294409
17334,-0.024898641
15313,-0.052547862
17968,-0.036299831
16454,-0.047653132
19631,-0.037539633
19695,-0.03304279
15402,-0.052033056
18670,-0.039311713
14673,-0.04709908
17851,-0.03752384
19249,-0.02782566
19999,-0.039502733
13622,-0.041051888
17254,-0.043208098
15493,-0.038089525
15901,-0.016389702
14272,-0.025390872
17049,-0.028571963
14165,-0.022479802
18778,-0.027218296
17913,-0.03772933
15983,-0.059807965
14726,-0.042096508
17423,-0.043218823
16285,-0.025124454
16365,0.034891401
19338,0.024666783
17101,-0.005500802
17209,0.02909292
14352,-0.033661851
14851,0.054729938
16132,-0.061884645
16427,-0.046309978
16506,-0.009227715
15108,0.015185319
13301,-0.002183922
19392,-0.097346164
14584,-0.031361288
15652,-0.054042868
13365,0.11441221
14085,0.009338354
13392,0.086056824
13187,0.119536865
15554,-0.112790429
18242,-0.016610174
13169,0.054565049
13757,-0.010684492
17496,0.08555663
18028,-0.014445487
16757,-0.020778851
13276,0.11353869
19793,-0.093402124
13935,0.076136698
15233,0.057521793
17824,0.031510473
18581,-0.050368376
13668,-0.009852338
18331,-0.036665186
19007,-0.002346248
16944,-0.018008133
18475,-0.042167775
19212,-0.073771242
14940,-0.06208799
17726,-0.084436914
18938,-0.061711669
17575,-0.095329404
18411,-0.100717689
18741,-0.071478294
19560,-0.102786641
16613,-0.090179831
16739,-0.096803341
19114,-0.080730763
14450,-0.101794289
15064,-0.108586741
17398,-0.110224998
20063,-0.0314457
13891,-0.045031737
20048,-0.114379831
18162,-0.090002573
20055,-0.042328969
16659,-0.048223432
