ID,SIRUTA,Yhat.HET
1400,166235,0.01889465
1348,163002,-0.079669508
1392,165719,-0.063915272
1352,163253,-0.064490921
1347,162924,-0.096896329
1331,161856,-0.057718688
1338,162381,-0.055868315
1379,164892,-0.088143736
1360,163734,-0.042468899
1357,163618,-0.093222096
1335,162149,-0.086170751
1394,165899,-0.071510107
1412,167071,-0.012338847
1346,162871,-0.102151783
1410,166985,-0.032326967
1384,165130,-0.041303684
1359,163681,-0.081478361
1365,164062,-0.01346122
1396,166057,-0.068403187
1401,166315,-0.091790944
1391,165611,-0.05096086
1395,165979,-0.073808393
1330,161829,-0.097649205
1371,164393,-0.05949293
1332,161945,-0.04997267
1339,162452,-0.040864561
1351,163208,-0.101929467
1356,163486,-0.059411578
1383,165069,-0.089122523
1385,165185,-0.089505225
1387,165336,-0.082559908
1380,164936,-0.039649245
1369,164277,-0.095119657
1377,164749,-0.094489776
1367,164197,-0.098904965
1375,164687,-0.024578735
1409,166869,-0.064598689
1364,163967,-0.050471944
1342,162595,-0.041243992
1354,163324,-0.049988659
1333,162014,-0.075677739
1350,163137,-0.097283424
1411,167035,-0.108022314
1344,162791,-0.047767177
1389,165470,-0.0702599
1406,166672,-0.094395889
1343,162693,-0.051458356
1393,165817,-0.083874039
1340,162498,-0.118038448
1370,164339,-0.052283701
1336,162194,-0.051855226
1363,163903,-0.084590771
1388,165416,-0.022709293
1362,163832,-0.07112001
1337,162327,-0.038908876
1349,163057,-0.065376713
1398,166137,-0.060441853
1413,167179,-0.056804693
1381,164981,-0.123051299
1361,163789,-0.064321651
1329,161794,-0.031940348
1378,164829,-0.096576545
1408,166770,-0.075518885
1341,162559,-0.085401304
1386,165274,-0.039805324
1418,167268,-0.022964302
1419,167277,-0.064591054
1355,163379,-0.055220077
1420,167286,-0.094277211
1407,166707,-0.073813386
1405,166636,-0.056270873
1421,167295,-0.082861111
1366,164133,-0.043279905
1415,167231,-0.071688569
1414,167222,-0.035228609
1334,162069,-0.05388196
1422,167302,-0.064340253
1399,166182,-0.030296698
1423,167311,-0.035829566
1403,166529,-0.048000347
1417,167259,-0.066714221
1373,164543,-0.060013392
1374,164598,-0.048164454
1424,167320,-0.038826028
1416,167240,-0.041170395
1402,166413,-0.034548028
1546,175787,-0.070978308
1537,175260,-0.081360071
1529,174860,-0.034227584
1581,177879,-0.071650884
1573,177557,-0.019460915
1543,175670,-0.075700264
1550,176150,-0.034194688
1567,177236,-0.033552131
1570,177352,-0.019548944
1578,177762,-0.043673229
1571,177405,-0.052769447
1561,176793,-0.032398416
1579,177799,-0.05296169
1592,178545,-0.083912022
1589,178377,-0.067264531
1530,174922,-0.040105321
1533,175055,-0.028697054
1585,178180,-0.015465907
1588,178313,-0.068302205
1538,175368,-0.020326985
1595,178750,-0.059231654
1559,176686,-0.043670899
1572,177469,-0.050766866
1563,176891,-0.074470817
1565,177003,-0.048442049
1552,176212,-0.003806502
1556,176506,-0.004052695
1540,175466,-0.00810511
1532,175019,0.028587183
1593,178607,0.001907313
1534,175126,-0.059673469
1594,178689,0.019885934
1527,174780,0.069304929
1526,174744,0.017621089
1564,176944,-0.090451492
1569,177263,-0.043118332
1544,175732,-0.004474816
1554,176338,-0.055101355
1547,175885,0.003192166
1528,174824,-0.001216886
1596,178821,-0.058526245
1541,175509,-0.098983541
1590,178475,-0.081299952
1577,177726,-0.00519664
1549,175983,-0.0464617
1562,176855,-0.0654851
1557,176551,-0.080872824
1553,176301,-0.03271009
1582,177986,-0.062248358
1548,175938,-0.037331122
1539,175439,-0.053694753
1574,177600,-0.043420549
1558,176613,-0.094587798
1535,175206,-0.096489881
1575,177655,-0.009704835
1542,175590,-0.08895226
1601,178929,-0.012899759
1580,177842,-0.027902717
1602,178938,-0.039544963
1536,175224,-0.050021019
1597,178885,-0.083754086
1583,178046,-0.008873234
1603,178947,0.020079201
1584,178117,-0.061213099
1600,178910,-0.048939324
1555,176445,-0.070266338
1598,178894,-0.035540428
1587,178279,-0.036703186
1599,178901,-0.034479306
1560,176748,-0.025380066
1604,178956,-0.003047774
1566,177101,-0.071567312
1605,178965,-0.07781876
1448,169119,-0.044646264
1442,168755,-0.087597146
1520,174254,-0.026740141
1474,171021,-0.035058155
1430,167794,-0.055768367
1494,172509,-0.070113317
1441,168675,-0.053550974
1499,172894,0.011333047
1515,174021,-0.029125174
1429,167696,-0.068083153
1431,167909,-0.052497259
1433,168041,-0.069543242
1450,169253,-0.055071887
1481,171539,0.055293322
1439,168559,-0.052710072
1498,172812,-0.013023527
1452,169351,0.029979951
1444,168880,0.069092104
1504,173230,-0.028541403
1487,172082,0.052911286
1502,173061,-0.057946563
1463,170220,8.16296E-05
1513,173935,-0.063798729
1517,174156,0.029796032
1478,171272,-0.086428491
1445,168960,-0.020888924
1491,172340,-0.077996038
1434,168130,0.035698985
1507,173533,-0.03168001
1428,167641,-0.093761236
1475,171067,-0.056698382
1446,169039,-0.033666824
1486,171995,-0.039522414
1479,171325,-0.00534239
1485,171931,-0.038557553
1443,168791,0.009138404
1435,168229,-0.042393242
1459,169896,-0.033735469
1480,171469,-0.027287923
1449,169182,-0.05999984
1440,168602,-0.028732353
1492,172377,-0.060331077
1482,171628,-0.056359184
1460,169994,-0.001471859
1437,168372,-0.010336551
1453,169404,-0.087169323
1509,173686,-0.027803957
1501,172992,-0.066314194
1506,173374,-0.078049024
1496,172581,-0.066219229
1470,170792,-0.048179487
1497,172698,-0.042159269
1464,170346,-0.075848096
1490,172279,-0.046132533
1467,170514,-0.032582939
1469,170685,-0.082544308
1500,172947,-0.049664969
1483,171806,-0.06565822
1471,170872,-0.093532565
1462,170168,-0.063705848
1458,169681,-0.059216099
1455,169547,-0.063713431
1503,173132,-0.050296639
1512,173855,-0.060169916
1484,171879,-0.041913748
1436,168309,-0.100453087
1476,171101,-0.045798596
1465,170444,-0.10559366
1493,172457,-0.052715226
1461,170097,-0.089526955
1451,169306,-0.089688548
1516,174085,-0.079193638
1477,171209,-0.09544681
1438,168452,-0.074535032
1432,167981,-0.079273252
1472,170952,-0.078854731
1511,173793,-0.076785821
1510,173748,-0.026992647
1518,174218,-0.044127327
1468,170612,-0.081107228
1456,169583,-0.076780449
1523,174502,-0.082684819
1521,174290,-0.092665569
1524,174511,-0.109201602
1525,174520,-0.079014251
1508,173597,-0.026487648
1489,172153,-0.061422454
1522,174496,-0.059856314
1426,167473,0.055868171
1146,154308,-0.069056462
1111,153062,-0.065604706
1131,153696,-0.101744428
1154,154585,-0.110581506
1155,154665,-0.145502281
1140,154068,-0.104044542
1145,154282,-0.138722787
1098,152528,-0.132595215
1083,151996,-0.117299013
1085,152083,-0.054029194
1100,152582,-0.097416858
1104,152760,-0.138718779
1165,154978,-0.1517705
1153,154521,-0.102869581
1158,154754,-0.112951687
1080,151905,-0.073016429
1123,153437,-0.122974087
1119,153295,-0.063344988
1137,153972,-0.13512352
1110,153026,-0.075184627
1081,151932,-0.097635019
1103,152724,-0.108248041
1164,154932,-0.098529421
1121,153384,-0.094068691
1124,153473,-0.103216548
1142,154166,-0.10389593
1138,154013,-0.08545116
1149,154415,-0.130977508
1134,153865,-0.076470763
1125,153507,-0.07625271
1118,153277,-0.105877573
1106,152868,-0.097827271
1090,152270,-0.07633056
1094,152350,-0.087936357
1161,154852,-0.08621828
1079,151870,-0.125525244
1096,152467,-0.136041223
1126,153543,-0.104236453
1117,153240,-0.079993325
1159,154790,-0.105817413
1101,152617,-0.133784467
1129,153605,-0.09785129
1132,153776,-0.083293763
1076,151790,-0.093168091
1093,152332,-0.093179707
1095,152412,-0.146503035
1135,153909,-0.091341162
1077,151816,-0.046110631
1136,153936,-0.113060532
1120,153339,-0.072103623
1086,152127,-0.100596661
1133,153829,-0.119250157
1152,154497,-0.074202053
1078,151834,-0.07145227
1108,152948,-0.091810081
1160,154834,-0.074815711
1143,154184,-0.123218857
1089,152252,-0.120885099
1127,153561,-0.105102126
1075,151763,-0.112300257
1097,152500,-0.099609407
1148,154380,-0.10248046
1072,151683,-0.135235783
1112,153106,-0.119568816
1157,154736,-0.099560785
1099,152564,-0.109165585
1113,153124,-0.127888124
1141,154139,-0.101271975
1162,154914,-0.120132436
1109,152993,-0.085641914
1073,151709,-0.110543172
1088,152234,-0.086803707
1074,151736,-0.106025195
1128,153589,-0.10241778
1082,151978,-0.113870247
1091,152314,-0.120848144
1122,153400,-0.105957777
1167,155083,-0.101072973
1130,153623,-0.107897363
1105,152797,-0.134734783
1168,155092,-0.149958811
1102,152662,-0.111334275
1169,155109,-0.109055859
1150,154460,-0.122789349
1170,155118,-0.103917899
1084,152038,-0.107491585
1171,155127,-0.082762106
1166,154996,-0.095255867
1116,153204,-0.060520382
1172,155136,-0.068670223
1144,154228,-0.067150047
1173,155145,-0.107963322
1115,153151,-0.122640825
1147,154344,-0.123817536
1174,155154,-0.144628447
1107,152902,-0.098054161
1087,152172,-0.097983227
1198,156259,-0.015378887
1188,155724,-0.014041081
1183,155528,-0.031158384
1236,158109,0.014006665
1259,159213,0.009467069
1252,158859,0.002339464
1234,158010,0.058455583
1244,158528,0.046674913
1194,156035,0.040100362
1196,156151,0.016194313
1233,157969,-0.023922241
1202,156437,-0.008222386
1223,157451,0.002471884
1246,158608,-0.009299196
1238,158181,0.120294792
1247,158653,0.19531148
1226,157585,-0.043167078
1187,155662,-0.050310127
1241,158314,0.026492073
1211,156801,-0.097915203
1228,157736,-0.019658022
1217,157246,0.266730128
1216,157193,-0.049089238
1242,158396,0.245957614
1191,155840,-0.042547694
1182,155494,-0.024661389
1185,155546,0.004199774
1206,156589,-0.056773728
1210,156767,-0.017816077
1254,158966,-0.006987716
1175,155243,0.330841119
1245,158564,0.102490659
1237,158136,-0.070750816
1176,155261,0.174641039
1177,155289,0.401309714
1190,155797,-0.025352449
1257,159071,-0.022528531
1253,158895,-0.021871799
1203,156473,-0.019818452
1230,157834,0.240028294
1212,156927,-0.021152423
1193,155957,-0.041451779
1248,158699,0.11532735
1239,158243,0.011558252
1179,155350,-0.040290501
1258,159142,0.070118817
1178,155314,0.224801694
1195,156106,-0.018456803
1200,156311,0.10945945
1235,158065,0.132668854
1180,155403,-0.038348512
1243,158449,0.19576766
1231,157898,-0.030405217
1205,156534,-0.030660895
1260,159259,-0.004733692
1207,156623,-0.021930739
1214,157031,0.001177243
1224,157497,0.021384015
1219,157317,0.00632594
1251,158804,-0.027399386
1232,157923,0.000891926
1256,159035,-0.017801884
1213,157004,-0.001420089
1261,159339,0.016716442
1218,157273,-0.02217912
1181,155458,-0.036665685
1208,156669,-0.005725218
1220,157362,-0.028139402
1229,157781,-0.008245375
1262,159366,0.014119961
1215,157086,-0.029864841
1263,159375,-0.005892414
1199,156277,0.068991163
1189,155760,0.087234593
1264,159384,0.088883967
1265,159393,0.046907742
1227,157683,0.039433607
1266,159400,0.003792126
1201,156357,0.028739278
1225,157530,0.021351742
1273,159473,-0.003745689
1267,159419,-0.002351248
1197,156213,0.066460937
1268,159428,0.006352233
1269,159437,0.099039185
1250,158779,0.254197869
1222,157424,0.061358322
1270,159446,0.206500095
1271,159455,-0.014255029
1249,158733,0.002879712
1272,159464,0.000493935
1192,155911,0.012515676
1274,159482,-0.043199222
1209,156712,-0.028287244
1275,159491,0.024917141
1186,155591,-0.013304583
1290,160172,-0.094395631
1297,160458,-0.033827368
1284,159883,-0.110612208
1301,160617,-0.042791254
1325,161525,-0.030115057
1313,161133,-0.072111842
1318,161286,0.001614845
1287,160047,0.004469305
1278,159687,-0.046972503
1292,160261,-0.050548555
1280,159767,-0.129654531
1279,159730,-0.046588074
1305,160779,0.009834349
1276,159614,-0.011051853
1319,161302,-0.007885869
1296,160430,-0.036103395
1310,161035,-0.011262162
1298,160476,-0.047325906
1285,159945,-0.006998207
1295,160387,-0.0170415
1311,161053,-0.024161914
1308,160911,-0.075877238
1323,161464,-0.02571509
1289,160127,-0.065349155
1324,161482,-0.021589286
1299,160528,-0.053618556
1316,161231,-0.067643851
1309,160993,-0.053396278
1307,160877,-0.031578521
1315,161179,-0.036206191
1314,161151,-0.088733201
1306,160831,-0.04365046
1291,160225,-0.064072218
1294,160323,-0.070682685
1277,159650,-0.0778872
1312,161106,-0.085132994
1317,161259,-0.027799635
1322,161384,-0.083332395
1302,160644,-0.031540996
1293,160305,-0.077947911
1281,159785,-0.029726258
1286,159963,-0.067789335
1321,161348,-0.03195905
1288,160092,-0.027790352
1283,159847,-0.037946286
1327,161552,-0.03422296
1304,160724,-0.057542197
1300,160564,-0.03806115
1328,161561,-0.052874483
1326,161543,-0.070931701
1303,160680,-0.044788372
960,146655,-0.062164112
1020,149584,-0.0005245
1000,148667,-0.012870988
969,147036,0.025998987
1052,151095,0.004574279
1005,148916,-0.035649028
968,146995,0.005343479
1036,150294,0.010800526
992,148293,-0.003231808
975,147241,-0.020636038
1001,148694,0.008026573
1029,150043,0.046337716
1050,151077,0.05407833
1044,150702,-0.050262746
1055,151246,-0.088245629
959,146628,0.012802866
1056,151344,-0.057977324
1033,150196,0.009378385
1006,148970,0.014828834
1010,149183,-0.033501292
1039,150418,0.010980131
1013,149290,0.056023516
1019,149539,-0.027682711
953,146325,0.028196837
987,147937,0.068102455
1025,149833,0.071284243
965,146860,0.051768782
1048,150980,-0.005015312
1034,150221,-0.002267123
982,147633,-0.003382887
961,146708,-0.011241116
984,147713,-0.03909382
1041,150524,0.037954288
995,148426,0.003064646
1018,149502,-0.044178692
1015,149370,0.008004906
1002,148729,0.007582908
951,146263,0.120615904
954,146370,0.062492532
955,146432,0.089420373
974,147205,-0.025409581
979,147526,0.007200527
1049,151022,0.002630952
1024,149780,0.017447006
1037,150310,0.042984206
996,148453,-0.016841694
952,146281,0.088992767
1047,150935,-0.001971672
1032,150178,-0.009275663
1017,149414,0.047849857
972,147134,0.094298348
1042,150588,0.003008787
1003,148765,-0.018583986
1023,149753,-0.003034918
958,146584,0.013236889
956,146502,-0.050561576
999,148612,0.015578697
1007,149049,0.00716826
1012,149227,-0.023101263
1054,151157,0.009838467
978,147465,0.026623501
1030,150070,0.020314621
1027,149931,-0.017985036
985,147786,-0.003865749
1038,150356,-0.015656338
957,146539,-0.006228199
989,148097,-0.016638823
988,148006,-0.041090599
1014,149316,0.013900189
1035,150258,0.012117589
990,148131,-0.018756562
966,146904,-0.008556865
986,147884,-0.027592513
998,148514,-0.030169006
963,146744,-0.049090759
1021,149655,-0.026322054
1031,150114,0.000441961
970,147054,-0.002958436
971,147072,-0.031835716
1026,149851,-0.026011829
994,148382,-0.044185248
977,147358,-0.032078838
1040,150445,-0.007837124
1022,149682,-0.027918157
1070,151567,0.010174906
983,147660,-0.01344624
1067,151530,-0.007067367
1071,151576,-0.03931538
993,148328,0.021482743
1066,151521,0.052606082
1053,151120,0.061743421
1064,151503,0.022460523
1046,150891,-0.000167575
1059,151451,-0.042552354
1009,149138,-0.020160213
973,147161,0.017619881
1057,151433,-0.006884349
1063,151497,-0.026825413
991,148202,-0.012224285
1062,151488,0.010408433
1045,150766,-0.023362366
1068,151549,-0.019073534
1028,149968,-0.01887187
964,146799,0.028749642
1065,151512,-0.104255117
1061,151479,0.053683711
1008,149101,0.061096678
1058,151442,0.034387966
967,146931,0.058045736
981,147580,-0.006539454
1060,151460,0.024786375
1069,151558,0.008840542
1004,148872,0.030341308
807,139009,-0.013414283
764,136919,0.001583025
811,139170,-0.01961849
772,137274,0.002587764
767,137069,-0.027337834
810,139143,-0.012762972
783,137746,0.000128854
787,137960,0.018321772
812,139214,0.039228664
775,137407,0.004343241
790,138164,0.025188869
771,137229,-0.006104467
788,138039,0.003411783
781,137675,0.048439565
757,136599,0.021786515
794,138351,0.023730461
754,136483,0.042347751
815,139330,0.028421334
793,138280,0.052084332
789,138084,0.023825947
817,139358,0.004485129
766,137032,-0.029788036
762,136802,-0.020353881
780,137611,0.025179948
795,138431,0.04483832
813,139250,-0.023384201
778,137540,0.01907656
792,138208,0.006842154
782,137728,-0.024810155
814,139287,-0.026335811
755,136526,-0.029454515
763,136848,0.031564692
799,138618,0.035305094
818,139394,0.034853777
808,139054,-0.008549676
786,137899,-0.028468356
777,137504,-0.045645938
773,137292,-0.023439513
776,137443,0.012306225
798,138574,-0.019648061
809,139107,-0.018384977
796,138501,-0.021307238
765,136964,0.0048519
768,137103,-0.037028825
804,138869,-0.042738213
761,136768,-0.02447525
760,136713,-0.024388878
801,138734,-0.001907379
758,136642,-0.042693978
806,138921,-0.017590978
802,138770,-0.048616398
797,138538,-0.0186423
803,138805,-0.056465909
769,137130,-0.015577831
774,137363,-0.038548176
785,137844,-0.086903005
770,137185,0.053783136
1649,179873,0.041109837
1628,179677,-0.022243865
756,136553,-0.004383371
1650,179882,-0.020817149
800,138663,-0.011268894
1664,180028,0.014494102
784,137764,0.00317148
820,139740,-0.075961838
829,140244,-0.049076201
830,140280,-0.053340437
836,140501,-0.029380869
863,142177,-0.060695476
870,142550,-0.037430633
877,142881,-0.036654599
857,141786,-0.06920069
876,142854,-0.045956779
854,141580,-0.065610779
873,142710,-0.042658253
838,140583,-0.025019875
834,140477,-0.063729747
833,140440,-0.059555254
860,142006,-0.020040305
858,141884,-0.111756333
831,140324,-0.005725003
845,140958,0.01296154
867,142373,-0.026431676
851,141376,0.017494857
848,141134,-0.048864096
826,140084,-0.041183367
859,141946,-0.053056188
821,139811,-0.071095896
865,142284,0.011054725
842,140823,0.051789738
875,142774,-0.072356805
822,139884,-0.033017043
856,141722,-0.051392191
862,142122,0.013428889
841,140770,-0.110449843
840,140672,0.001694697
879,143021,0.008254958
819,139704,0.009015116
880,143067,-0.103912863
827,140146,-0.043418386
850,141312,-0.043323686
839,140627,-0.019527822
849,141232,-0.095808943
861,142079,0.011602195
866,142337,-0.042200142
868,142426,0.013632518
853,141535,-0.037830477
878,142952,-0.026106419
828,140208,-0.035986971
1625,179631,0.001503931
871,142612,-0.046809748
852,141447,-0.03870142
837,140547,-0.051058443
832,140379,-0.041815648
846,141027,-0.096493247
823,139937,-0.024693171
872,142676,-0.054780789
881,143147,-0.056580063
844,140869,-0.054401257
824,139982,-0.044690515
847,141081,-0.060723283
1665,180037,-0.034712587
864,142239,0.001370517
1631,179695,-0.088544023
869,142499,-0.084287102
902,144152,-0.005507194
915,144615,0.040207639
893,143806,0.002154441
913,144553,-2.87352E-05
905,144303,-0.023611808
918,144731,0.003682851
888,143619,0.010192393
906,144349,-0.012530395
903,144198,0.006141776
889,143646,-0.025534012
924,144991,-0.034118986
892,143771,-0.023805423
926,145104,0.005125525
901,144116,-0.036606977
907,144376,0.03302064
947,145961,0.013047103
940,145738,-0.032382166
916,144651,0.018742124
904,144232,0.024899656
890,143682,-0.014458125
939,145667,-0.009278268
929,145220,-0.033883175
925,145042,0.00796663
923,144964,0.024220837
919,144795,-0.053762548
895,143888,0.019182188
938,145603,0.015061324
920,144866,-0.074424078
909,144456,0.009016316
896,143922,-0.021870633
948,145998,0.040814144
927,145140,0.030056463
941,145765,0.039442515
922,144928,-0.07077867
908,144410,-0.001460545
894,143851,0.035609344
921,144893,0.019475211
934,145408,0.148374207
936,145499,0.025644689
942,145792,0.044845846
882,143450,0.098335844
930,145275,-0.02741998
897,143959,-0.001681999
911,144508,-0.004511607
945,145907,-0.000862917
883,143487,0.058173029
917,144713,-0.008301235
931,145293,0.016121716
900,144054,0.021104578
887,143557,0.095307578
928,145202,-0.003377165
891,143735,0.141975167
914,144599,0.002843352
884,143502,0.025787227
912,144535,-0.010383863
886,143520,-0.015255572
935,145471,0.135444809
932,145355,-0.008172683
946,145934,-0.02074443
933,145382,0.029748619
898,143995,0.004191841
949,146012,0.000168089
943,145827,0.135268646
950,146021,-0.03559126
713,134096,-0.012860326
682,132574,-0.037525567
648,130954,-0.014746546
746,136107,-0.032770028
652,131210,-0.009642604
659,131540,-0.106406796
730,135226,-0.044300793
706,133795,-0.053281478
738,135618,-0.075219903
676,132342,-0.065335156
719,134648,-0.056757877
655,131336,-0.042229025
690,132896,-0.032769694
660,131577,-0.079356585
739,135654,-0.029796811
741,135725,-0.036012069
678,132404,-0.057106823
680,132486,-0.064489639
737,135547,-0.049685969
671,132137,-0.05260934
668,131988,-0.080612646
651,131103,-0.072556029
720,134755,-0.05479663
727,135128,-0.039794931
736,135501,-0.06206848
683,132645,-0.048158975
663,131817,-0.050871852
666,131899,-0.067825814
734,135404,-0.070829567
747,136134,-0.0602939
708,133919,-0.066744403
664,131835,-0.034638315
688,132805,-0.016623971
689,132841,-0.066091527
732,135244,-0.115151048
653,131256,-0.051028605
742,135789,-0.049345801
715,134336,-0.047329745
723,134899,-0.072384701
748,136198,-0.071070628
701,133562,-0.044536836
669,132011,-0.063790299
717,134443,-0.057556027
729,135164,-0.047693383
654,131274,-0.01991856
707,133866,-0.093653929
722,134853,-0.068364413
711,134014,-0.01738561
740,135681,-0.077278963
674,132271,-0.026172394
658,131461,-0.049517888
685,132716,-0.030195951
675,132315,-0.014804046
679,132459,-0.100268487
702,133615,-0.070490848
705,133722,-0.042126262
712,134050,-0.036326053
704,133688,-0.074238987
710,133964,0.012884795
649,130981,-0.012479194
681,132510,-0.050197546
716,134390,0.082289809
650,131069,0.022738105
657,131443,0.027253844
697,133330,0.010131819
646,130847,0.041245798
661,131620,-0.054868168
694,133161,-0.002635603
656,131407,-0.078274541
645,130785,0.023230172
672,132164,-0.08997649
643,130678,0.062760909
670,132075,0.058944871
745,135949,0.003107554
695,133214,-0.037068452
744,135896,-0.051260304
686,132752,-0.075862566
667,131933,-0.013813797
640,130534,0.00564967
642,130614,0.013798276
698,133394,-0.074962299
647,130892,0.001348862
677,132379,-0.096969256
641,130552,-0.005956767
693,133090,-0.040786395
726,135020,-0.025739028
644,130712,0.013312807
692,133018,-0.05148295
684,132681,-0.107767895
728,135146,-0.088406104
725,134942,-0.037027964
743,135850,-0.067883656
735,135431,-0.04745923
673,132226,-0.015826749
700,133508,-0.021535821
718,134559,-0.027116278
714,134194,-0.005654639
750,136241,-0.015892433
751,136250,-0.031845474
699,133429,-0.050352554
696,133278,-0.07803778
752,136269,-0.071935123
733,135315,-0.052093426
753,136278,-0.057148317
623,129914,-0.096581262
613,129503,-0.157346786
598,128882,-0.129690887
553,126905,-0.14849092
566,127411,-0.13256643
550,126772,-0.120882462
628,130231,-0.115267831
599,128962,-0.135091711
545,126503,-0.115496909
529,125757,-0.103296821
585,128301,-0.117390971
621,129816,-0.064951103
609,129317,-0.115906301
539,126228,-0.120577806
595,128711,-0.098791256
576,127858,-0.063087381
559,127171,-0.049125991
611,129380,-0.053457689
538,126166,-0.061942456
604,129139,-0.038367574
587,128436,-0.03971366
562,127288,-0.091436211
548,126674,-0.080338041
570,127625,-0.06541953
544,126433,-0.045665807
540,126326,-0.098073813
584,128221,-0.064555741
617,129656,-0.041694305
586,128374,-0.077540971
627,130124,-0.035233356
518,125347,-0.054296959
556,127064,-0.030219063
563,127322,-0.077566705
533,125999,-0.034954322
531,125873,-0.028272672
571,127689,-0.062095269
581,128105,-0.062531259
594,128659,-0.075605848
520,125418,-0.050434473
615,129585,-0.122956713
607,129246,-0.089191676
530,125846,-0.051546553
534,126022,-0.046060341
624,129987,-0.079940994
626,130062,-0.051136079
541,126380,-0.062251436
542,126406,-0.095807896
579,127983,-0.075560367
602,129111,-0.08374513
567,127493,-0.073841633
620,129763,-0.113893161
565,127386,-0.093591483
554,126978,-0.060418598
525,125622,-0.085445568
536,126102,-0.055002276
549,126718,-0.062628884
555,127019,-0.051480376
597,128864,-0.137072456
588,128472,-0.13162579
522,125490,-0.082858528
546,126585,-0.094872063
521,125472,-0.072667023
568,127536,-0.129570185
601,129095,-0.038117063
590,128524,-0.053182372
558,127144,-0.071877966
600,129040,-0.090580247
547,126647,-0.055105528
526,125659,-0.071790072
614,129567,-0.051165484
625,130026,-0.052501684
593,128613,-0.091356358
591,128560,-0.046993054
592,128588,-0.103726646
535,126077,-0.074121442
532,125962,-0.090319897
537,126148,-0.115772586
573,127750,-0.090088212
622,129898,-0.082392553
612,129460,-0.110754996
616,129629,-0.102260726
619,129745,-0.109190207
523,125542,-0.108572062
564,127368,-0.087149775
608,129282,-0.081552558
560,127224,-0.085230795
557,127126,-0.087084292
561,127251,-0.077859732
524,125588,-0.109611505
519,125374,-0.004382457
580,128052,-0.042648528
629,130286,-0.044601065
575,127812,-0.080456236
630,130295,-0.067230118
631,130302,-0.04264619
527,125677,0.017636954
572,127714,-0.09615752
632,130311,-0.124565836
633,130320,-0.092502397
605,129184,-0.05268799
634,130339,-0.09944534
578,127938,-0.0760366
635,130348,-0.068677207
569,127563,-0.019942574
551,126825,-0.072174891
636,130357,-0.083724822
577,127901,-0.070347431
637,130366,-0.110193801
583,128178,-0.054204457
639,130384,-0.085843328
618,129718,-0.096877737
638,130375,-0.116834437
442,121652,-0.016499598
506,125016,-0.001317759
483,123914,-0.020861185
477,123521,-0.023274777
499,124661,-0.018246555
459,122551,-0.010768778
430,121055,-0.032939139
503,124849,-0.003781528
475,123424,-0.045635223
473,123371,-0.047534761
431,121108,-0.022061419
482,123790,-0.045343298
466,122908,-0.033763311
502,124803,-0.048122379
451,122187,-0.041057852
467,122953,-0.009790961
501,124750,-0.059913305
484,123969,-0.071443276
441,121607,-0.037219262
492,124331,-0.030118132
464,122864,-0.057698283
455,122347,-0.03618904
447,122025,-0.036098786
461,122668,-0.02672395
440,121466,-0.053101008
493,124411,-0.041512131
463,122828,-0.018678958
456,122392,-0.070740799
490,124206,-0.010831371
498,124634,-0.009916006
426,120888,-0.009532229
429,120968,-0.056815443
478,123601,-0.005529433
505,124938,0.01166902
422,120726,-0.000565162
460,122613,-0.073201119
425,120860,-0.019797122
428,120922,-0.014849447
500,124723,-0.041404764
437,121340,-0.04968685
470,123175,-0.034277029
495,124563,-0.024838646
423,120771,0.016405831
491,124233,-0.037828108
469,123102,-0.030901711
494,124493,-0.016713765
424,120824,0.05472776
488,124117,-0.03926443
445,121876,-0.01630218
476,123479,0.00645161
487,124073,-0.06216715
507,125061,-0.012383477
435,121297,-0.037029592
471,123228,-0.043969031
468,123013,-0.022225108
479,123674,-0.040657287
504,124885,-0.014553511
472,123255,-0.016189009
443,121732,-0.013687267
453,122249,-0.025191583
432,121153,-0.019777705
450,122132,-0.019063503
486,124028,-0.040784094
497,124616,-0.0434199
449,122061,-0.03560796
438,121386,-0.035564001
517,125178,-0.034298848
462,122702,0.013384762
509,125098,-0.037267331
446,121938,-0.030310115
513,125132,-0.036761126
515,125150,-0.028051293
489,124153,-0.024029497
433,121242,-0.056894651
511,125114,-0.056386074
454,122285,-0.034354146
516,125169,-0.020789389
481,123709,-0.027624742
514,125141,-0.034768737
510,125105,-0.072913289
458,122463,-0.033532906
512,125123,-0.053043498
444,121796,-0.040425945
387,118931,-0.025714134
373,118058,-0.028303739
408,120138,-0.040776823
398,119625,-0.043080032
349,116545,-0.043734927
328,115520,-0.050443231
389,119153,-0.061106124
337,115897,-0.041284647
372,117998,-0.025810557
322,115147,-0.060484194
362,117319,-0.032396572
364,117426,-0.053052455
400,119723,0.002121203
369,117783,-0.015236399
366,117550,-0.035750637
342,116224,-0.077808908
397,119590,0.00264628
315,114809,-0.021783417
391,119242,-0.090126993
353,116723,-0.094770908
336,115851,-0.026552493
396,119527,-0.042426334
344,116340,-0.028377622
388,118995,-0.077736899
385,118799,-0.015394043
332,115708,-0.036860339
330,115600,-0.043357205
412,120316,-0.024479774
340,116126,-0.029934685
360,117177,-0.015183765
377,118370,-0.042562024
359,117113,-0.007589561
386,118824,-0.032597835
338,115959,-0.01133437
350,116590,-0.009044027
402,119803,-0.004277852
365,117505,-0.026483923
406,119974,-0.054802722
352,116652,0.039106231
415,120370,-0.052257926
401,119750,-0.024233626
310,114453,0.057451147
361,117275,-0.055136187
407,120076,0.019568884
383,118691,0.060234632
309,114417,0.11884622
403,119858,-0.043766837
382,118637,-0.05705356
368,117667,-0.023005678
393,119386,-0.064669548
306,114319,0.111937243
376,118281,0.01440208
308,114382,0.042404761
313,114710,-0.056530842
355,116867,0.01938994
339,116046,-0.016583543
380,118511,-0.037572051
404,119894,0.007654795
334,115824,-0.037203332
384,118753,0.089920236
370,117827,-0.074811729
347,116439,-0.056873994
307,114355,0.074034768
343,116288,0.056987702
381,118575,-0.028996946
318,114970,0.035049215
357,116983,0.012821246
395,119466,0.037343613
392,119331,-0.065139806
354,116796,-0.047082194
324,115236,-0.065614204
399,119661,0.019946761
346,116395,-0.024506475
341,116171,-0.023876028
331,115637,-0.002061816
375,118209,0.006538986
333,115771,-0.060413029
413,120343,-0.009495852
325,115307,-0.005876303
356,116938,-0.017729671
409,120174,-0.0229256
317,114925,-0.080118992
379,118469,-0.006309686
320,115076,-0.046246599
410,120218,-0.023844687
312,114603,0.031967597
329,115575,-0.004504649
311,114514,0.024554635
348,116493,0.029449739
411,120254,0.01128714
390,119206,0.050285963
323,115183,0.0339012
420,120511,-0.021421035
374,118094,-0.000171636
358,117042,0.003644896
416,120478,0.012504623
417,120487,0.067927721
371,117925,0.082333116
326,115389,0.009690572
419,120502,0.020667589
418,120496,-0.012775809
316,114854,-0.051353492
209,108552,-0.007638343
189,107715,0.015763637
221,108945,0.011442117
162,106620,0.007735638
180,107350,-0.032864647
210,108598,-0.013729949
207,108473,-0.018076769
161,106559,-0.021927207
211,108614,-0.015059436
212,108632,-0.026398165
178,107270,-0.021749676
163,106648,-0.022623708
206,108455,-0.040957502
197,108151,-0.017113729
168,106979,-0.031658693
156,106318,0.013702298
214,108696,-0.022799477
205,108400,-0.032678332
185,107546,-0.047427288
223,109005,-0.046276555
193,107975,-0.007187584
159,106461,0.049926882
222,108963,-0.032253774
200,108240,-0.036391192
232,109504,-0.030581797
188,107662,0.024754605
184,107519,-0.058418995
164,106684,0.026369664
181,107403,-0.018731593
165,106746,-0.017345863
1622,179604,-0.088317799
183,107485,-0.055180876
198,108204,-0.036110143
225,109096,-0.002085115
166,106782,-0.060757329
203,108348,-0.016664699
219,108892,-0.050593018
194,108017,-0.04070952
169,107001,0.051041021
175,107154,-0.069612649
218,108874,-0.019340507
158,106407,0.102318306
186,107582,-0.054900484
196,108106,-0.015383884
195,108035,0.006125176
157,106363,0.056803296
172,107083,-0.020224667
215,108712,0.046402409
199,108222,-0.056620212
192,107920,-0.04355352
190,107733,-0.00863329
174,107118,-0.039648151
208,108491,0.034966027
201,108268,0.010992845
227,109176,-0.03940062
167,106817,-0.036798957
171,107047,-0.01656695
176,107190,-0.011008031
228,109265,-0.056024176
177,107234,-0.039712369
204,108366,-0.027259324
230,109425,-0.020248594
229,109354,-0.025445319
182,107430,-0.026351068
191,107868,-0.043638238
1645,179837,0.013203373
1646,179846,0.082306264
217,108794,0.05589762
220,108918,-0.033162865
1647,179855,-0.001968411
224,109041,-0.0423596
1624,179622,-0.048837723
1648,179864,-0.016836446
179,107314,-0.044280062
1623,179613,-0.05055469
213,108669,-0.058395713
236,110027,-0.042283567
235,109924,-0.079450707
273,112370,-0.095963639
284,112995,-0.062200577
241,110456,-0.093482122
240,110296,-0.031067963
283,112959,-0.10496501
270,112263,-0.094214285
296,113698,-0.072852351
252,111220,-0.085476176
245,110688,-0.071136265
262,111818,-0.073845923
259,111685,-0.065168833
271,112334,-0.056391219
269,112245,-0.05514186
295,113625,-0.064689217
237,110063,-0.056374015
248,110875,-0.056638109
274,112469,-0.037852524
277,112664,-0.062738806
247,110820,0.000937217
251,111097,-0.068125217
282,112904,-0.103618381
233,109773,-0.036993338
253,111275,-0.070565592
268,112129,-0.049714602
238,110116,-0.096620009
234,109826,-0.004938809
288,113233,-0.053786372
301,113974,-0.053425277
265,111989,-0.068042762
292,113518,-0.082483372
294,113607,-0.071863918
297,113732,-0.114666207
267,112076,-0.020471091
250,111006,-0.074398347
264,111916,-0.093373473
246,110740,-0.073056949
276,112600,-0.044605902
249,110946,0.012882282
258,111587,-0.090651043
256,111480,-0.002255055
286,113153,-0.058811512
243,110571,-0.113241787
290,113466,-0.056970123
299,113894,-0.012588531
280,112806,-0.104488035
239,110232,-0.065322691
263,111863,-0.024353147
275,112548,-0.022762031
242,110535,-0.140957177
254,111417,-0.08286604
300,113929,-0.098471583
289,113395,-0.087287434
266,112030,-0.053361756
279,112771,-0.073602131
287,113206,-0.027774998
257,111550,-0.087012883
255,111444,-0.066234866
278,112744,-0.071589697
291,113493,-0.054102615
298,113849,-0.03865836
303,114060,-0.070942638
261,111783,-0.063800972
304,114079,-0.069567041
281,112879,-0.028862469
3095,95943,-0.042011456
3090,95667,-0.063688915
3145,98337,-0.056213656
3164,99370,-0.059161803
3112,96815,-0.040727134
4,100148,-0.046055951
3159,99101,-0.043202679
3157,98998,-0.045948068
3084,95355,-0.034376498
3122,97321,-0.051008691
3150,98649,-0.014519468
3103,96334,-0.052738581
3099,96147,-0.060758785
3129,97606,-0.035073978
3106,96478,-0.026551865
3171,99879,-0.008837797
3166,99478,-0.039402667
3,100086,-0.027377525
1,100004,0.055100097
3142,98257,0.041224339
3094,95872,-0.0367763
3148,98505,0.118888111
3117,97009,-0.021105326
3119,97090,0.075232547
3152,98738,0.053753519
3109,96637,-0.021307366
3173,99968,-0.039898873
3153,98774,-0.03668282
3110,96664,-0.016705836
3086,95391,-0.03982615
3092,95747,0.069921661
3093,95792,0.018967307
3130,97679,0.133829993
3116,96940,0.005881386
3141,98220,-0.044559105
3096,96003,0.039141747
3146,98373,-0.010914418
3081,95159,0.077718248
3135,97919,0.204796916
3079,95060,0.230745258
3126,97465,-0.044565555
3160,99165,-0.045268873
3131,97722,-0.010314354
3087,95471,-0.000270702
3161,99209,-0.039762096
3097,96058,0.000869352
3172,99922,0.005523428
3147,98435,-0.006297398
3089,95612,-0.051021295
3158,99058,0.009779518
3139,98168,-0.035974165
3127,97517,0.114386885
3083,95293,0.093113517
3101,96254,0.215937813
3143,98300,-0.033629701
3080,95088,0.07207847
3149,98603,-0.024171585
3125,97438,-0.031721339
3104,96370,-0.025954242
5,100219,0.069686946
3098,96110,-0.034197939
3154,98827,0.006534527
3132,97777,0.00413086
3138,98113,0.212447231
3105,96423,-0.046108455
3123,97394,-0.038618883
3113,96888,0.118583647
3169,99673,-0.026784329
3134,97875,-0.01094957
3151,98685,-0.051129418
3121,97241,-0.002083968
3120,97189,-0.012180308
3111,96717,-0.039826305
3100,96192,-0.028989901
3156,98916,0.044204716
3170,99780,-0.062664078
3128,97553,-0.017628791
3140,98202,-0.054537689
3115,96904,-0.04409331
3165,99441,-0.005652654
3108,96593,-0.059347204
6,100273,-0.035312714
3137,98051,-0.045427361
14,100362,-0.073936616
7,100282,-0.041812621
3088,95499,4.10503E-05
8,100308,-0.051955655
3162,99290,0.033412803
3118,97063,-0.042910263
9,100317,-0.066135919
10,100326,-0.033229683
3167,99539,-0.020698737
3133,97811,-0.03626665
11,100335,-0.017687242
12,100344,-0.059574349
3168,99600,-0.039888107
13,100353,0.348035131
3082,95239,0.200771768
103,103960,-0.066168902
87,103283,-0.086646067
22,100709,-0.099469417
150,105794,-0.089856515
3065,94429,-0.055918663
3046,93717,-0.115416372
24,100754,-0.075226651
3074,94688,-0.009777407
3018,92765,-0.06764985
3055,94045,-0.104641309
21,100683,-0.043989612
23,100736,-0.02886779
27,100852,-0.078487315
3061,94269,-0.082049873
3057,94107,-0.069714893
3016,92658,-0.059063526
3066,94456,-0.113995276
101,103862,-0.077956168
3042,93600,-0.071288395
75,102749,-0.024272033
3027,93067,-0.088111605
3040,93575,-0.050790879
3021,92836,-0.014079437
3077,94795,-0.057669773
3043,93628,-0.022823279
33,101056,-0.047159265
3059,94161,-0.04198779
29,100923,-0.079005762
3029,93101,-0.063143562
3022,92872,-0.06542044
3068,94535,-0.020464999
131,105026,0.03668151
3063,94330,-0.07086937
73,102641,0.00172759
3056,94081,-0.027682127
3030,93156,-0.029739095
3025,92989,-0.052556158
3067,94492,-0.038251567
3017,92701,-0.054492635
1640,179784,-0.046416103
62,102240,-0.001353834
3019,92783,-0.055729137
1641,179793,-0.060880711
1659,179971,-0.114765836
3031,93209,-0.079510894
38,101243,-0.035163762
1642,179800,-0.084233495
3032,93236,-0.021420449
1660,179980,-0.030379077
74,102703,-0.051888468
1661,179999,-0.040292663
3026,93021,-0.001932347
1643,179819,-0.018272131
3064,94376,0.004100719
1662,180000,-0.038340752
1644,179828,-0.027976097
113,104270,-0.023883238
1663,180019,-0.096061927
3023,92907,-0.082087173
3047,93735,-0.058548256
1632,179702,-0.09613591
3044,93646,-0.035790369
3054,93995,-0.030700697
1668,180064,-0.084319566
28,100870,0.001112985
1666,180046,-0.02756881
117,104421,-0.031187675
53,101902,-0.008685958
95,103513,0.024941482
121,104546,0.114170045
135,105160,0.069132722
92,103443,0.032833247
112,104243,0.122216338
30,100969,0.198265872
122,104582,0.0567439
68,102473,0.180497738
60,102160,0.198002885
18,100576,0.137564693
145,105570,0.253999812
142,105419,0.177585608
1617,179481,0.300752813
26,100834,0.270399074
1616,179463,0.21365681
84,103130,0.146636365
1607,179132,0.243882711
1620,179551,0.302595435
1610,179285,0.282178409
72,102605,0.260168337
39,101298,0.070301385
1611,179310,0.199185251
1618,179515,0.127808628
55,101957,0.201802153
1609,179249,0.188689954
71,102570,0.338084548
49,101742,0.131605476
1612,179347,0.238368608
1608,179221,0.221177948
57,102035,0.226914256
1619,179533,0.205248436
1615,179409,0.028751771
1613,179383,0.12275925
61,102213,0.306128475
35,101145,0.196428746
69,102525,0.088214499
154,105936,0.052777458
70,102543,0.035023517
1621,179588,0.053442938
2888,83936,-0.01906125
2884,83632,-0.03671614
2893,84148,-0.040837432
2880,83491,-0.005865216
2927,86133,-0.025223428
2917,85528,-0.033566649
2901,84460,-0.074887665
2898,84344,-0.021688213
2924,85877,-0.039387739
2883,83561,-0.037559254
2915,85412,-0.028484001
2903,84594,-0.004520744
2902,84558,-0.012385234
2921,85760,-0.020961666
2925,85920,-0.001962144
2905,84656,-0.031867416
2891,84086,-0.007864337
2879,83464,-0.011963535
2914,85341,0.01967414
2931,86339,-0.022308331
2930,86311,-0.003116833
2906,84754,-0.017447624
2932,86366,0.010864416
2894,84175,0.008746418
2910,85074,-0.020360394
2886,83785,-0.017653431
2907,84825,0.039645621
2897,84264,0.053132229
2900,84415,0.008332585
2889,83963,-0.00113943
2885,83749,0.008035766
2877,83375,0.040018019
2890,83981,0.021342163
2887,83847,-0.011460329
2926,85984,0.027238899
2876,83320,0.015994006
2916,85467,-0.013456616
2913,85289,-0.026594542
2875,83197,0.010748916
2873,83133,0.029886721
2904,84629,0.0100522
2908,84923,0.010173996
2881,83525,-0.002975354
2909,85056,-0.00702575
2918,85582,0.015231083
2923,85840,-0.005202176
2929,86222,0.004847261
2928,86188,0.007457608
2899,84380,0.021264186
2912,85243,-0.050746887
2878,83428,-0.096825124
2939,86495,0.002919354
2919,85626,-0.0014235
2936,86461,0.039159194
2934,86446,-0.02192068
2922,85788,-0.004526463
2937,86479,0.034431763
2920,85680,0.081342323
2941,86519,-0.002712674
2933,86438,-0.006410295
2895,84237,-0.016853155
2938,86487,0.021718509
2911,85127,0.005601266
2940,86501,0.01992044
2874,83151,0.043462148
2892,84102,-0.024421461
2935,86453,-0.01343475
2973,88920,-0.106002205
3003,91447,-0.122040681
2967,88350,-0.069040563
2960,87745,-0.070288097
2996,90805,-0.061531844
3008,91795,-0.130066379
2971,88788,-0.058286147
2954,87291,-0.12057011
2955,87362,-0.094598877
2972,88868,-0.102484493
3012,92177,-0.110807657
2961,87843,-0.0728534
2988,90208,-0.097729656
3011,92097,-0.113666348
2964,88092,-0.087897898
2981,89687,-0.117379926
3009,91937,-0.069269982
2969,88546,-0.066624548
2980,89561,-0.109659904
2975,89080,-0.096943675
2977,89240,-0.045381593
2983,89856,-0.076458247
3002,91330,-0.008971543
2994,90663,0.002955432
2982,89801,-0.022520356
2984,89954,-0.076950049
2979,89428,-0.07644591
3010,91982,-0.012357463
2959,87665,0.025761273
2942,86687,-0.011594727
2998,90994,-0.014688865
2958,87638,-0.023789834
2943,86749,0.021577849
3006,91688,-0.020812716
2976,89151,-0.022275798
2992,90431,-0.001036579
2963,88047,-0.02892796
2990,90262,-0.015167136
2966,88261,-0.023703862
2944,86810,-0.029046188
2956,87424,-0.046565327
2985,90066,-0.07293417
2945,86883,-0.031321561
2991,90342,-0.029832543
2974,89026,-0.090903528
2968,88449,-0.020499248
2946,86936,-0.02298639
2970,88644,-0.035703733
3004,91535,-0.063056741
2986,90119,-0.038345087
2957,87576,-0.011472156
2995,90725,-0.036941108
3007,91731,-0.043919725
3001,91232,-0.02547701
2978,89348,-0.029204303
3005,91624,-0.046722176
2993,90538,-0.047245944
2949,87077,-0.07961366
2947,86990,-0.049183969
3000,91116,-0.049658654
2962,87996,-0.041634485
2997,90878,-0.04474039
2999,91054,-0.074586195
2953,87246,-0.030292436
2951,87175,-0.056992283
2952,87219,-0.061796461
2948,87059,-0.071838703
2950,87139,-0.061243831
83,103087,0.012307322
76,102794,0.000319952
147,105623,0.037557948
155,105972,-0.007815604
36,101163,0.060160436
64,102348,-0.007724176
37,101190,-0.003117074
128,104831,-0.035221162
91,103407,0.0155969
118,104485,0.008699785
111,104225,-0.020891863
41,101378,-0.008097677
45,101617,0.094037185
108,104136,0.045583655
56,101984,-0.035606198
43,101519,0.018938512
25,100781,0.014776412
98,103693,-0.033378666
152,105874,0.076098508
105,104047,-0.028862807
58,102071,-0.013938401
132,105106,-0.036411663
86,103238,-0.08642861
149,105776,-0.022068335
59,102106,-0.048928889
46,101662,-0.047559226
90,103372,-0.06331589
130,104975,-0.068108925
140,105348,-0.064359641
107,104118,-0.054180388
124,104680,-0.079547259
94,103470,-0.074913216
127,104788,-0.092097114
102,103899,-0.084873834
31,101001,-0.066830865
67,102446,-0.075411884
1156,154709,-0.088074105
78,102909,-0.061437257
89,103354,-0.074294794
138,105295,-0.009398347
119,104519,-0.075209249
125,104715,-0.084196406
88,103309,-0.100921364
16,100521,-0.06710063
17,100549,-0.067703187
85,103194,-0.098326014
1636,179748,0.046443606
104,103997,0.08251954
1639,179775,0.100508222
1637,179757,-0.040097935
1638,179766,-0.073363597
97,103639,-0.066056036
153,105909,-0.089407748
1635,179739,-0.062421855
2738,75356,-0.104780383
2742,75613,-0.04302473
2737,75338,-0.092978988
2776,77028,-0.060641296
2748,75864,-0.116135208
2762,76497,-0.033289672
2761,76406,-0.049692416
2746,75766,-0.075758098
2756,76175,-0.063705659
2749,75917,-0.024158394
2766,76638,-0.081272177
2747,75819,-0.028882798
2783,77288,-0.089384664
2750,75953,-0.029988767
2789,77509,-0.058114903
2786,77377,-0.042019389
2744,75686,-0.068759288
2773,76932,-0.101981429
2782,77260,-0.061353943
2788,77475,-0.060731251
2739,75472,-0.06106868
2751,76004,-0.070078499
2768,76692,-0.024253609
2790,77536,-0.07185009
2734,75203,-0.031458957
2752,76040,-0.019023713
2757,76255,-0.089863777
2743,75668,-0.069677624
2769,76718,-0.063686589
2755,76157,-0.047009035
2735,75221,-0.024707298
2770,76745,-0.007655245
2740,75515,-0.021509523
2754,76139,-0.032184443
2777,77082,-0.037188366
2758,76282,-0.062850687
2787,77402,-0.029755648
2778,77126,-0.064903668
2763,76558,-0.035282549
2753,76111,-0.067064251
2765,76601,-0.045783988
2759,76317,-0.022966036
2774,76969,-0.039697732
2781,77224,0.015011401
2767,76674,-0.05021612
2785,77331,0.084915931
2731,75098,0.026370181
2784,77313,-0.057294334
2760,76353,-0.071310097
2775,76996,-0.051827897
2779,77153,0.037663328
2733,75150,0.079500703
2771,76763,-0.071709402
2764,76585,-0.023654703
2732,75114,0.054829737
2745,75711,0.042922901
2780,77180,-0.032314455
2794,77595,0.006698568
2736,75258,-0.035431795
2792,77579,-0.048290868
2793,77587,-0.037195479
2772,76807,-0.022501467
2741,75542,-0.063752116
2791,77561,-0.087229848
2827,79834,-0.061421665
2802,78258,-0.046866951
2849,81380,-0.054090598
2810,78711,-0.036405769
2819,79308,-0.043028781
2843,80908,-0.043997109
2860,82136,-0.035493141
2858,81987,-0.064430383
2852,81576,-0.040442025
2865,82430,-0.051786977
2846,81095,-0.049500305
2847,81184,-0.018887549
2799,78089,-0.03751531
2820,79362,-0.052421772
2806,78542,-0.05107859
2855,81754,-0.03611926
2813,78873,-0.059137655
2839,80677,-0.020307445
2811,78748,-0.056402474
2809,78668,-0.014400313
2850,81415,-0.061735152
2796,77812,-0.045317571
2851,81497,-0.065300274
2797,77910,-0.000498854
2857,81861,-0.030898308
2805,78472,-0.04508587
2864,82396,-0.003533123
2835,80427,-0.037901784
2830,80123,-0.019680129
2798,78016,0.038128057
2803,78329,-0.054655697
2826,79736,-0.045290073
2821,79406,-0.05746798
2814,78926,-0.047646221
2834,80365,-0.063965365
2825,79656,-0.023243618
2840,80711,-0.057971834
2841,80766,-0.065024607
2838,80613,-0.065730639
2804,78454,-0.072184466
2833,80285,0.021277718
2812,78828,-0.06808261
2801,78141,-0.028705905
2842,80846,-0.02129982
2861,82243,-0.083483915
2824,79585,-0.054150122
2856,81816,-0.064075418
2871,82831,-0.074736729
2845,80980,-0.062129862
2829,80043,-0.091122278
2832,80249,-0.077807115
2807,78604,-0.058797489
2859,82047,-0.074204742
2848,81264,-0.02743082
2869,82733,-0.043675655
2836,80506,-0.095772677
2854,81656,-0.087469093
2823,79497,-0.069163476
2867,82617,-0.039743359
2816,79077,-0.09311531
2870,82779,-0.055256845
2866,82555,-0.058605478
2817,79157,-0.071568668
2828,79932,-0.052286412
2863,82314,-0.072971292
2818,79237,-0.044129891
2868,82680,-0.046494202
2837,80560,-0.046407729
2872,82895,0.014802403
2815,79004,-0.028338383
2640,71340,-0.074507715
2684,73371,-0.07862248
2621,70414,-0.051190848
2680,73102,-0.036027087
2636,71055,0.022294715
2629,70744,-0.093833149
2637,71126,-0.017264639
2671,72677,-0.025056381
2704,74171,-0.102964323
2701,74073,-0.034725157
2672,72819,-0.132626405
2648,71723,-0.081517024
2618,70174,0.01328283
2681,73246,-0.011813148
2653,71910,-0.018496261
2669,72604,-0.132759748
2633,70968,-0.159774859
2706,74242,-0.135811193
2616,70094,0.009547922
2664,72409,0.071826768
2634,70986,-0.139386024
2703,74135,-0.16771702
2639,71260,-0.0036334
2643,71536,-0.131780187
2690,73629,0.115043727
2614,69900,0.104074062
2698,73923,-0.004177244
2715,74616,-0.102923628
2716,74705,-0.128274252
2708,74359,-0.072555691
2615,69964,-0.022508667
2687,73503,-0.072694006
2617,70110,0.072478303
2660,72150,-0.084649808
2700,74028,-0.073801364
2692,73709,-0.090158083
2718,74750,-0.033410958
2674,72926,-0.050204512
2709,74411,-0.066885621
2717,74732,-0.077187671
2711,74509,0.085130645
2642,71518,-0.083652976
2707,74322,0.035958989
2641,71457,-0.045946108
2673,72882,-0.057502786
2712,74536,-0.060998796
2658,72052,-0.085330011
2644,71572,-0.044723814
2649,71787,-0.097393587
2623,70502,-0.032287158
2675,72953,-0.03347044
2683,73335,-0.05765676
2628,70726,-0.052933315
2663,72383,-0.079921598
2661,72221,-0.016899237
2646,71634,-0.087722449
2647,71698,-0.026991397
2678,73031,-0.064001236
2619,70316,-0.068049894
2705,74224,-0.072646803
2667,72533,-0.05296633
2682,73317,-0.074172475
2624,70520,-0.047506416
2713,74554,-0.069041339
2620,70352,-0.111780048
2714,74581,-0.068703038
2659,72098,-0.068349166
2693,73736,-0.077218822
2632,70940,-0.071257399
2654,71956,-0.047695351
2626,70637,-0.088512548
2702,74108,-0.039051412
2651,71858,-0.048427247
2697,73905,-0.034473142
2677,73013,-0.087677039
2631,70897,-0.040144924
2668,72579,-0.083852598
2699,73996,-0.069133037
2676,72980,-0.099334282
2657,72034,-0.074800709
2665,72463,-0.060330392
2656,72007,-0.086810688
2688,73567,-0.02942514
2645,71607,-0.02638914
2630,70879,-0.066525268
2685,73460,-0.007610607
2719,74842,-0.049328766
2720,74859,0.243751294
2652,71885,0.134542126
2721,74867,-0.08977516
2670,72640,-0.075677646
2625,70566,0.024807965
2722,74875,-0.045408864
2723,74883,-0.065078538
2627,70673,-0.080992298
2724,74891,-0.085737994
2666,72506,-0.063113304
2650,71812,-0.061197738
2689,73594,-0.056785279
2691,73665,-0.064791613
2725,74907,-0.061975745
2679,73068,0.080238619
2726,74915,0.046929031
2727,74923,-0.063050542
2696,73852,-0.047164843
2728,74931,-0.116579015
2694,73772,-0.061017364
2729,74949,-0.081563602
2638,71199,-0.032564643
2662,72276,-0.102231053
2730,74956,-0.09714744
2587,68182,-0.010994948
2598,68716,-0.061616936
2592,68404,-0.052170073
2596,68565,-0.063600248
2555,66330,-0.06029904
2607,69303,-0.046520297
2557,66438,-0.059762165
2583,67942,-0.07518057
2609,69394,-0.069130066
2540,65609,-0.037142597
2611,69526,-0.043751139
2612,69615,-0.051345957
2548,65921,-0.081826489
2541,65645,-0.024957953
2610,69447,-0.069361863
2603,69063,-0.064913137
2559,66526,-0.019859944
2546,65869,-0.03656403
2574,67522,-0.019087121
2601,68921,-0.027525037
2590,68324,-0.023845157
2538,65477,0.007446615
2535,65413,-0.020188823
2545,65841,-0.037287016
2534,65379,-0.007462055
2536,65431,0.02757167
2581,67835,-0.036913855
2584,68002,-0.020641921
2575,67595,-0.013113462
2579,67737,-0.003497857
2533,65342,0.00475136
2572,67407,-0.005212018
2578,67675,-0.01882854
2539,65501,0.006990177
2558,66474,-0.022878292
2562,66731,-0.008798769
2560,66580,-0.01217841
2552,66198,-0.038476527
2570,67292,-0.038233064
2573,67470,-0.030571529
2589,68280,-0.028244721
2566,67014,-0.016615935
2599,68789,-0.025084469
2568,67167,-0.041653968
2604,69170,-0.039817246
2571,67327,-0.010679057
2543,65707,-0.022387049
2577,67648,-0.018018802
2556,66401,-0.01193105
2565,66955,0.006528414
2585,68048,-0.029997876
2542,65681,-0.055050558
2561,66697,0.002866569
2595,68529,-0.03532117
116,104387,-0.008162067
44,101564,-0.007630844
2597,68627,0.005456292
2563,66768,-0.051834782
2544,65752,-0.019300378
2586,68128,-0.03022005
2551,66152,-0.000597719
2550,66081,-0.026768907
2588,68253,-0.087028877
2567,67121,-0.018364703
52,101840,0.028067899
2582,67906,-0.003907102
63,102286,0.076120759
2602,68976,-0.045526572
2591,68342,-0.003116478
144,105534,0.02536804
2594,68468,-0.017369692
134,105142,-0.019737353
2564,66857,-0.038030928
2593,68431,-0.023032977
40,101341,-0.012715961
2600,68887,-0.095843411
1655,179935,-0.012429786
2605,69250,-0.000589961
1652,179908,-0.045338058
2553,66223,-0.052877715
1653,179917,-0.067053839
1651,179891,-0.035301038
2580,67773,0.012221259
1654,179926,-0.096175941
2608,69330,-0.051118092
1633,179711,-0.034817011
2569,67256,-0.024042412
1626,179640,-0.04323459
2549,66009,-0.014648456
2501,64041,-0.001748919
2495,63802,-0.002685432
2523,64997,0.001109661
2519,64826,-0.02404002
2520,64871,-0.003362011
2487,63447,-0.005043337
2502,64096,-0.027600004
2493,63740,-0.051228859
2504,64194,-0.020815659
2497,63893,-0.018337418
2514,64602,-0.014510266
2494,63777,0.032835922
2503,64130,-0.013761021
2508,64345,0.017913235
2507,64318,-0.012715561
2496,63866,0.049620218
2525,65048,-0.018244236
2486,63394,0.028050887
2509,64390,0.083789635
2522,64942,0.119493696
2498,63937,-0.035394993
2488,63526,-0.097141129
2500,64005,-0.022715917
2518,64773,0.024667313
2510,64425,0.083788312
2515,64639,-0.001237139
2524,65011,-0.03099337
2505,64238,0.048250234
2489,63553,-0.05401061
2506,64265,0.015773427
2490,63580,0.004253062
2492,63688,-0.005942174
2528,65113,0.05528969
2521,64906,0.023651236
2529,65121,-0.012588237
2513,64568,-0.021256705
2531,65147,-0.023417911
2527,65105,-0.049966128
2511,64461,-0.036306507
2512,64504,-0.003198404
2530,65139,-0.032896918
2491,63633,-0.01043479
2526,65099,-0.00791781
2517,64719,-0.030891192
2532,65154,-0.036565466
2444,61808,-0.06886469
2423,60801,-0.059761527
2466,62823,-0.051557168
2433,61256,-0.068513668
2453,62253,-0.045906908
2476,63170,-0.063581489
2460,62609,-0.058016296
2439,61559,-0.040119474
2448,62020,-0.00624197
2471,63045,-0.067942559
2438,61513,0.008502527
2467,62878,0.014700282
2469,62949,-0.034403124
2452,62191,0.039804307
2468,62903,-0.004621837
2457,62440,0.011625464
2474,63152,0.016092781
2477,63189,-0.001685348
2415,60507,0.06180326
2422,60776,0.013837506
2420,60687,0.101128717
2464,62761,0.033051147
2465,62798,-0.007634483
2424,60847,0.010107875
2411,60419,0.10908499
2462,62707,-0.004015898
2427,61005,-0.058311457
2473,63125,0.061292055
2455,62360,0.098122717
2434,61283,0.023152882
2447,61951,-0.031971132
2458,62486,-0.058857316
2425,60883,-0.010126927
2440,61620,0.070648904
2449,62057,-0.046592767
2417,60570,0.102468441
2442,61675,-0.00367981
2435,61318,-0.021445121
2416,60534,0.102682076
2428,61069,-0.047885584
2459,62538,-0.033886074
2412,60455,-0.019822968
2472,63072,0.03236534
2443,61737,-0.044905709
2475,63161,-0.044926099
2432,61210,-0.017363415
2478,63198,-0.004372015
2418,60598,0.056910553
2446,61871,-0.050775794
2461,62672,0.009781094
2437,61452,0.0030604
2414,60482,0.005568278
2430,61167,-0.048460367
2456,62397,-0.043913819
2426,60945,0.006016305
2419,60632,0.03055624
2450,62137,0.00458801
2481,63294,0.035308021
2480,63286,0.046736324
2421,60721,0.052425435
2429,61121,0.024563611
2482,63300,0.015512417
2436,61372,-0.034862952
2485,63334,-0.018724599
2470,62985,-0.039922997
2484,63326,-0.043387289
2445,61826,-0.044064623
2479,63278,-0.056433712
2483,63318,-0.002802861
2454,62280,0.024225518
2322,54537,-0.019056763
2282,52785,-0.003803873
2295,53247,-0.031627445
2308,53728,-0.035490392
2305,53639,-0.059099643
2309,53755,-0.018201753
2259,51500,-0.045308488
2269,51877,-0.025865155
2300,53372,-0.005392963
2285,52936,-0.010249499
2325,54699,-0.019102846
2273,52062,-0.001659264
2253,51207,-0.043772101
2247,50969,-0.026371823
2281,52758,-0.01588492
2324,54617,-0.039080365
2256,51332,-0.070449498
2294,53210,-0.061691217
2278,52650,-0.042467312
2262,51626,-0.041367966
2249,51010,-0.058353174
2301,53425,-0.045165564
2244,50790,-0.06260131
2248,50987,-0.024343378
2283,52856,-0.03592242
2279,52696,-0.042233837
2319,54412,-0.035034261
2317,54350,-0.016780771
2293,53167,-0.048158326
2265,51699,-0.015432453
2316,54305,-0.068181546
2260,51546,-0.059149307
2266,51751,-0.009038503
2267,51804,-0.062787937
2286,52954,-0.050821688
2320,54485,-0.010563266
2287,52990,-0.036924654
2321,54500,-0.052286856
2263,51662,-0.065365017
2312,54056,-0.042605575
2272,52035,-0.058304893
2315,54270,-0.068054282
2252,51118,-0.074400953
2323,54573,-0.009326314
2245,50889,-0.113759948
2254,51243,-0.073662036
2304,53577,-0.082117777
2257,51387,-0.022635257
2306,53675,-0.009699745
2261,51573,-0.065950729
2297,53327,-0.108657421
2292,53130,-0.106384797
2270,51948,-0.020007722
2271,51984,-0.023456183
2280,52721,-0.108162383
2276,52160,-0.081576543
2289,53069,-0.117460532
2310,53791,-0.069514318
2298,53345,-0.032296982
2291,53103,-0.084739006
2313,54109,-0.069456255
2275,52115,-0.101165174
2288,53023,-0.098284756
2303,53513,-0.034798238
2296,53274,-0.073711297
2268,51840,-0.081985728
2255,51305,-0.078235098
2307,53700,-0.09257027
2251,51056,-0.08038926
2277,52570,-0.10774677
2314,54163,-0.098169306
2284,52909,-0.09614851
2246,50923,-0.137532042
2311,53853,-0.085392743
2258,51449,-0.114575679
2318,54387,-0.065609646
2302,53489,-0.083693227
100,103764,-0.055423447
34,101083,0.030458656
3060,94223,-0.04206343
3036,93370,-0.080145636
3050,93851,-0.051030595
3051,93888,-0.088461598
82,103032,-0.044507993
3038,93487,-0.01650254
143,105455,-0.040662056
3039,93539,-0.06922794
3069,94562,-0.040023425
115,104341,-0.088531774
129,104886,-0.079059152
81,103014,0.05658659
3075,94731,-0.03899779
3076,94768,-0.055723625
3052,93931,-0.074693149
3024,92961,-0.040100319
148,105712,-0.075500291
3033,93281,-0.028290693
96,103568,-0.064658257
3048,93771,-0.036527746
123,104635,-0.012263647
3045,93664,-0.045848452
136,105222,-0.0466762
3049,93815,-0.051439998
3070,94580,-0.012594848
3058,94125,-0.059926069
77,102838,-0.086355768
3073,94651,-0.057465187
80,102945,0.113131281
3072,94606,-0.093429626
3028,93085,-0.063425829
3014,92587,-0.032110008
114,104323,-0.077330891
3037,93441,-0.107112525
3062,94312,-0.04156294
3034,93325,-0.038751549
3013,92569,-0.051013797
106,104083,-0.075318146
66,102419,-0.086709073
110,104181,-0.093435903
141,105384,-0.04616496
51,101822,-0.059980516
20,100638,-0.052959773
146,105605,-0.041766751
137,105259,-0.058938221
126,104751,-0.058439322
19,100610,-0.069742501
50,101804,-0.073437276
48,101724,-0.103698788
151,105829,-0.033300286
1658,179962,-0.087024693
1667,180055,-0.057398433
42,101458,-0.048626897
2360,57083,-0.044798346
2355,56666,-0.03709962
2363,57314,-0.059673908
2406,59942,-0.052467587
2328,55062,-0.019671844
2327,55008,-0.056969415
2393,59130,-0.108262745
2346,56096,-0.056900669
2330,55160,-0.024424712
2329,55106,-0.1025649
2405,59880,-0.054396892
2365,57449,-0.080769302
2385,58552,-0.024210729
2389,58856,-0.088999794
2339,55623,-0.066438586
2399,59498,-0.090160149
2376,58142,-0.038279632
2369,57644,-0.048235089
2335,55384,-0.050993295
2342,55776,-0.052413788
2366,57546,-0.079075994
2409,60099,-0.050065401
2404,59826,-0.090327016
2397,59416,-0.019532479
2337,55473,-0.056689739
2400,59586,-0.012977002
2392,59041,-0.023505502
2348,56265,0.005713575
2347,56210,-0.06077436
2358,56988,0.077810527
2336,55446,-0.094543964
2349,56327,-0.115315592
2374,57948,0.018581292
2372,57831,-0.10191444
2388,58794,-0.067479976
2356,56773,-0.083881637
2343,55838,0.19080167
2377,58204,-0.064937527
2378,58259,0.051800538
2398,59434,-0.046643078
2340,55687,0.072861008
2395,59283,-0.052903317
2326,54975,0.223789726
2350,56354,-0.035341199
2354,56568,-0.066878436
2386,58623,-0.079292015
2382,58393,-0.084417012
2353,56522,-0.07977703
2352,56461,-0.091708468
2383,58464,-0.032633486
2364,57350,-0.024908952
2373,57902,0.088258591
2401,59657,-0.05233791
2370,57706,0.101474577
2394,59238,-0.04555659
2371,57742,-0.049009551
2368,57582,0.065195263
2396,59327,0.130097573
2384,58534,-0.040973216
2338,55598,0.047421696
2362,57225,0.108842749
2345,56014,-0.063324299
2403,59764,-0.002577934
2357,56844,-0.053055175
2391,58990,-0.053364652
2381,58357,-0.046179808
2407,60026,-0.062874891
2331,55259,-0.067534293
2344,55918,-0.100282616
2390,58918,-0.022322587
2402,59693,-0.051961992
2408,60062,-0.039520141
2333,55311,-0.043599427
2375,58008,-0.072431839
2334,55357,-0.016898224
2332,55277,-0.007153636
2387,58721,-0.083960357
2380,58311,-0.036408002
2351,56425,-0.013842884
2361,57163,-0.048772776
2410,60169,-0.053869551
2188,47079,-0.080554079
2190,47186,-0.11327437
2197,47630,-0.106929548
2225,49484,-0.046224861
2159,45245,-0.105887443
2235,50068,-0.110596147
2210,48682,0.002495079
2167,45673,-0.084879979
2221,49233,-0.125610459
2237,50228,-0.113210761
2174,46180,-0.04354295
2229,49769,-0.073767945
2202,47916,-0.099357505
2165,45539,-0.155077518
2205,48165,-0.116772579
2153,44845,-0.02999506
2173,46108,-0.138779439
2194,47417,-0.134727443
2213,48842,-0.075193116
2223,49313,-0.135612357
2163,45389,-0.12712171
2186,47006,-0.066836987
2215,48968,-0.064162501
2200,47818,-0.104972288
2157,45003,-0.12643202
2178,46439,-0.096976249
2170,45888,-0.177309942
2203,48021,-0.133359781
2239,50399,-0.123394564
2234,50022,0.009528621
2214,48922,-0.094081327
2240,50415,-0.075648418
2162,45361,-0.107779058
2155,44934,-0.091166385
2207,48325,-0.083185217
2180,46554,-0.09523355
2206,48227,-0.08507788
2158,45101,-0.060694641
2209,48557,-0.098816503
2171,45959,-0.058181013
2172,46019,-0.072029463
2183,46830,-0.057755984
2161,45334,-0.065626321
2241,50479,-0.041881571
2212,48771,-0.037260387
2238,50326,-0.09293335
2156,44989,-0.077880041
2168,45753,-0.076748405
2236,50102,-0.014936139
2220,49206,-0.018173151
2176,46313,-0.064420469
2228,49643,-0.052242044
2177,46377,-0.047584697
2193,47373,0.019803328
2233,49956,0.005704515
2151,44818,0.005417169
2218,49073,-0.043777511
2195,47453,-0.004974822
2208,48487,-0.062118161
2216,49019,-0.07310717
2166,45619,-0.074240339
2201,47854,-0.108691606
2227,49625,0.046631548
2169,45815,-0.079457265
2231,49849,-0.017284735
2181,46769,-0.025792618
2179,46484,-0.032551174
2232,49894,-0.055598629
2175,46251,-0.065406554
2219,49153,-0.064428529
2182,46803,-0.045871334
2226,49545,-0.061515702
2199,47774,-0.051538409
2191,47300,-0.054833653
2189,47159,-0.094344822
2217,49046,-0.096977658
2154,44863,-0.0744271
2211,48744,-0.107821164
2164,45496,-0.090288821
2204,48138,-0.095402901
2184,46867,-0.097188657
2224,49439,-0.104274472
2185,46910,-0.101791472
2192,47337,-0.069948498
2242,50549,-0.060033046
2196,47578,-0.092296741
2243,50564,-0.065050214
2058,40768,0.004499485
2057,40704,0.039431415
2070,41248,0.001862145
2048,40394,-0.007323488
2081,41701,0.018596258
2071,41284,0.028117764
2087,41943,0.034078072
2092,42156,0.016251617
2069,41177,0.039608588
2052,40526,0.016978629
2090,42076,0.034205093
2059,40820,0.013741649
2060,40857,0.04173901
2073,41382,0.043923904
2053,40544,0.043937709
2078,41578,0.045171019
2083,41818,0.052638779
2045,40278,0.031339162
2063,40955,0.078345723
2074,41417,0.080640258
2062,40928,0.045511632
2091,42101,-0.025878131
2084,41854,0.024756249
2054,40606,0.172039749
2082,41738,-0.005475321
2068,41113,0.031637525
2067,41088,0.173051724
2044,40241,0.013494499
2080,41667,0.07397556
2072,41346,0.011897008
2042,40198,0.094840975
2086,41925,0.151139801
2050,40465,-0.04124326
2089,42058,0.071516615
2043,40214,0.131688131
2088,42003,0.077240889
2056,40688,0.064700267
2049,40438,0.038044832
2047,40367,0.042693823
2061,40900,0.129844409
2093,42183,0.032592033
2051,40492,-0.008422501
2046,40303,0.047366265
2076,41471,0.003215679
2055,40633,0.039245511
2064,40991,-0.063566046
2077,41541,0.019107982
2103,42498,0.003256363
2065,41033,0.088534148
2099,42456,0.054495012
2094,42236,-0.01748198
2102,42480,-0.010637891
2101,42472,-0.010053672
2096,42398,-0.003269784
2100,42464,-0.020247803
2095,42307,0.028217662
2079,41621,0.025923075
2098,42449,-0.003856607
2008,38492,-0.08584307
2011,38633,-0.154532493
1963,35946,-0.111071734
1995,37770,-0.07108021
1978,36809,-0.123234978
2029,39658,-0.114456493
2017,38982,-0.052151445
1973,36532,-0.071509602
2005,38376,-0.069426794
1980,36952,-0.073867923
2004,38321,-0.124570476
1990,37547,-0.080151155
2009,38544,-0.049565231
1996,37823,-0.042791107
1999,37958,-0.10962018
1988,37397,-0.084197107
1984,37173,-0.094432227
1993,37672,-0.055520487
1975,36649,-0.110627117
2021,39220,-0.128271777
2033,39836,-0.112201512
1964,36006,-0.059400381
1965,36060,-0.140037742
1992,37618,-0.076011971
1970,36426,-0.070516455
2019,39122,-0.118039691
2032,39792,-0.077254155
2025,39417,-0.088331741
2013,38731,-0.046166494
2003,38241,-0.108828602
2028,39612,-0.114353767
2030,39694,-0.028527869
2007,38456,-0.05877708
1982,37057,-0.078299258
1969,36373,-0.1414844
1983,37100,-0.062973972
2014,38811,-0.010330033
2026,39532,-0.031363833
2020,39168,-0.119767578
1961,35839,-0.029306217
1997,37850,-0.099339897
2023,39328,-0.081785357
2001,38063,0.007378406
1989,37459,-0.071980318
1985,37217,-0.047216279
1971,36453,-0.09781294
1959,35731,0.008443818
1962,35884,-0.050234794
2015,38848,-0.054830901
2031,39738,0.028873703
1966,36131,-0.086695541
1960,35759,0.007507105
1968,36300,-0.00330155
2016,38893,-0.07652059
1977,36756,-0.003803532
1972,36499,-0.117602052
2022,39266,-0.091358088
1998,37912,-0.054498905
1979,36907,-0.017705873
1994,37734,-0.063986112
2034,39872,-0.038166101
2012,38679,-0.079066533
1986,37280,-0.057952277
1987,37324,-0.029585055
2024,39391,-0.017486063
2010,38580,-0.04840141
2018,39051,-0.076595106
2039,39983,-0.049252231
2002,38161,-0.039990458
2037,39967,-0.118531576
2038,39975,-0.039160672
1974,36569,-0.052992716
2036,39959,-0.071263428
1976,36676,-0.088168226
2035,39942,-0.15208364
1981,37011,-0.041607315
1967,36202,-0.110172513
2040,40035,-0.092729436
2125,43563,-0.070444048
2133,43867,-0.087551916
2145,44391,0.038309951
2135,43992,-0.009698969
2134,43929,-0.064345414
2129,43698,-0.087949614
2131,43787,-0.038228506
2130,43732,-0.067540874
2119,43279,-0.100120024
2105,42682,0.033435993
2118,43242,-0.059275912
2106,42708,-0.01035375
2138,44140,-0.077294297
2127,43652,-0.045861616
2117,43180,-0.093852433
2147,44462,-0.07644535
2140,44202,-0.015213832
2123,43466,-0.085555114
2121,43331,-0.071711767
2139,44177,0.01417271
2126,43625,-0.08312834
2120,43313,-0.034267602
2144,44355,-0.047769519
2116,43117,-0.076025276
2107,42753,-0.085908377
2108,42771,-0.092163374
2137,44113,-0.0920921
2111,42913,-0.032134101
2148,44505,-0.055498922
2136,44060,-0.069573436
2142,44300,-0.038726952
2122,43411,-0.072598508
2113,43019,-0.069576172
2149,44532,-0.083133919
2143,44328,-0.09863648
2124,43493,-0.050558804
2115,43073,-0.07608975
2110,42842,-0.060264076
2132,43812,-0.08642299
2109,42824,-0.053595973
2112,42968,-0.095309509
2146,44435,-0.044720754
2141,44257,-0.001840879
2150,44560,0.034896893
1940,34360,-0.042108918
1946,34618,-0.008625486
1939,34333,-0.001091149
1953,35054,-0.033330396
1903,32599,-0.036233178
1924,33621,0.004576307
1938,34280,0.004485288
1958,35429,-0.046387521
1955,35152,-0.048796219
1934,34155,-0.014329941
1913,33177,-0.028484569
1923,33603,-0.013517657
1917,33337,-0.027559124
1937,34262,-0.019241423
1915,33248,0.013875177
1944,34547,-0.057312269
1902,32544,-0.035388691
1908,32811,-0.019841529
1918,33364,-0.034112228
1921,33514,-0.042715012
1932,33989,-0.024073229
1954,35090,-0.021781191
1912,33122,-0.016850982
1936,34235,-0.008975693
1956,35269,-0.041742821
1914,33202,-0.010167941
1919,33382,-0.018599434
1922,33541,0.016941466
1900,32394,0.010132366
1904,32633,0.006976623
1951,34903,0.012897912
1901,32483,-0.048807644
1905,32660,-0.024712818
1949,34770,-0.001902803
1933,34075,-0.061220551
1948,34690,0.005241883
1906,32704,0.013726537
1920,33435,-0.052834858
1925,33658,-0.0821784
1947,34645,-0.009625086
1927,33765,0.006475798
1911,33015,-0.100688172
1916,33275,-0.023254033
1950,34850,-0.038304714
1930,33952,-0.020446494
1952,34985,-0.066416703
1943,34477,-0.072273065
1907,32768,-0.102884307
1928,33845,-0.108097606
1929,33881,-0.094726812
1957,35312,-0.094146071
1942,34422,-0.076055947
1657,179953,-0.044352306
1935,34173,-0.028509605
1909,32884,0.054459081
1630,179686,-0.014625541
1910,32955,-0.045363773
1627,179659,-0.060434484
1634,179720,-0.023284838
1926,33729,-0.027825097
1656,179944,-0.046112564
1941,34397,-0.013697797
1839,29001,-0.019279832
1892,32027,-0.052304123
1879,31333,-0.009865048
1883,31565,-0.022523111
1873,30988,-0.009748495
1830,28497,-0.013452739
1804,26877,-0.042829989
1821,27908,-0.027821658
1893,32045,-0.018289676
1872,30915,-0.041421516
1815,27506,-0.032404382
1809,27169,-0.012225156
1808,27070,-0.030439164
1812,27329,-0.07480627
1885,31654,-0.033484867
1831,28530,-0.02853496
1832,28610,-0.019177126
1874,31011,0.007463202
1878,31262,-0.054206109
1866,30568,-0.053321809
1840,29038,-0.051754228
1877,31208,-0.069633726
1876,31128,-0.015602345
1817,27631,0.173194647
1819,27757,-0.031325537
1880,31379,-0.009262453
1800,26699,-0.05978939
1797,26564,0.175579883
1851,29724,0.064429679
1886,31716,-0.021575227
1855,29902,-0.00506327
1847,29467,0.156355943
1810,27212,-0.027041551
1799,26653,0.121533309
1871,30871,0.019445367
1861,30274,0.104363841
1816,27560,-0.038786035
1889,31878,-0.034462263
1801,26742,-0.002630523
1859,30149,0.126317694
1858,30069,-0.015163056
1836,28816,-0.002600666
1798,26582,0.146515457
1891,31976,-0.033772251
1894,32090,-0.036737064
1848,29519,0.081253457
1818,27686,-0.059285175
1845,29341,-0.032727166
1882,31510,-0.041987834
1822,27935,-0.05298215
1828,28335,-0.01993255
1843,29154,-0.062709093
1850,29662,0.049834358
1853,29813,0.003063681
1857,30014,0.053843025
1806,26975,-0.032406812
1870,30844,-0.062887489
1849,29573,-0.05368452
1887,31789,-0.00889779
1875,31057,-0.053541501
1865,30470,-0.051459016
1888,31841,-0.024533491
1824,28077,-0.065049447
1820,27846,-0.068314907
1867,30648,-0.070829917
1825,28139,-0.059610681
1833,28665,-0.001737894
1835,28763,-0.043708981
1813,27383,-0.015598006
1838,28941,-0.024848458
1868,30719,-0.051859731
1811,27285,-0.002266068
1890,31921,-0.067079861
1864,30416,-0.029528666
1860,30229,-0.035368871
1881,31422,-0.068652166
1802,26804,-0.04729233
1846,29403,-0.040071993
1844,29243,0.003067407
1823,27971,-0.021887829
1862,30336,-0.04181437
1884,31609,-0.047802276
1852,29760,-0.055815542
1869,30773,-0.042919427
1834,28709,-0.047382595
1803,26840,-0.068192655
1856,29948,-0.080313889
1805,26920,-0.102960385
1807,27007,-0.080955542
1837,28889,-0.093261768
1826,28193,-0.113614943
1897,32179,0.072235754
1827,28246,0.0247078
1899,32195,0.054783997
1896,32161,0.099487957
1829,28415,0.08803049
1898,32187,0.003805542
1841,29092,0.012100647
1814,27436,0.116822718
1895,32153,0.030394101
1738,22576,-0.020106674
1732,22111,-0.02809943
1748,23207,-0.026658635
1772,24999,-0.022456345
1708,20778,-0.042331141
1769,24711,-0.005288881
1754,23644,-0.014086134
1775,25228,0.000438299
1722,21506,-0.016081634
1766,24427,-0.026531554
1740,22718,-0.030994658
1715,21123,-0.03318212
1716,21196,-0.055116784
1741,22781,0.060247554
1729,21891,-0.050273001
1747,23127,-0.042584011
1701,20313,0.06144025
1790,26289,-0.061635839
1704,20466,0.056980062
1724,21597,-0.050650641
1765,24338,-0.048449052
1776,25291,-0.023075062
1725,21668,0.033489824
1700,20297,0.068055972
1737,22488,-0.042809607
1786,25932,-0.039628251
1702,20359,0.027716412
1778,25488,-0.057093027
1760,23975,-0.03306697
1771,24837,-0.054326301
1703,20411,0.012335008
1780,25629,0.000647179
1779,25521,-0.082410047
1750,23350,0.023243005
1751,23387,-0.05981928
1714,21098,-0.056746916
1758,23868,-0.076956161
1713,21007,-0.013358958
1719,21338,-0.043919267
1762,24089,-0.04290475
1710,20876,-0.072840947
1768,24631,-0.035412706
1774,25148,-0.037258273
1789,26118,-0.064229263
1744,22941,-0.001274134
1753,23494,-0.075792091
1736,22460,-0.002547019
1749,23289,-0.046490164
1709,20821,-0.01563168
1733,22166,-0.02120696
1763,24187,-0.034125541
1739,22665,-0.078046614
1720,21418,-0.029445393
1728,21855,-0.017352142
1743,22898,-0.041782394
1770,24766,-0.020787917
1735,22380,-0.029103532
1721,21454,-0.037068934
1734,22237,-0.112908117
1730,21971,-0.050818107
1706,20607,-0.017075021
1745,23047,-0.073723251
1742,22834,-0.095777491
1761,24034,-0.028435523
1712,20965,-0.050537992
1759,23948,-0.031032596
1784,25825,-0.024161039
1782,25745,-0.044854735
1705,20563,-0.032582699
1788,26083,-0.035692108
1711,20910,0.009904231
1764,24276,-0.027985811
1767,24524,-0.086689914
1773,25068,-0.00707977
1723,21560,-0.010246768
1727,21757,-0.038416349
1726,21720,-0.003685539
1756,23797,-0.041784684
1731,22059,-0.050488827
1787,26029,-0.029465062
1752,23449,-0.031387973
1792,26338,-0.014794495
1707,20670,-0.015209198
1793,26346,-0.008885573
1781,25692,0.019520773
1796,26379,0.062890291
1717,21249,0.017394636
1777,25362,-0.043972357
1794,26353,-0.036600314
1785,25861,-0.03120979
1795,26361,-0.010517818
1791,26320,-0.014099524
1755,23715,0.026584024
305,11423,-0.021990193
3136,9798,-0.02088409
589,12849,0.007561707
363,11735,-0.031046962
139,10532,-0.056723965
434,12126,0.014757544
452,12224,-0.028504228
99,10373,-0.019862917
272,11236,-0.046294871
3071,9459,-0.02310886
3163,9930,-0.046955003
421,12055,-0.010701905
226,10916,0.015920148
457,12242,0.012467623
3144,9832,-0.069785783
3085,9538,-0.056266409
314,11478,-0.062017625
285,11307,-0.092913704
160,10649,-0.106007752
582,12812,-0.013314908
93,10346,-0.035397346
474,12340,0.009518568
302,11398,-0.000360488
3114,9690,-0.081163876
54,10195,-0.042980162
319,11502,0.006644491
405,11995,0.003336542
427,12091,-0.033234889
231,10943,-0.087320116
15,10051,-0.044961631
552,12689,-0.125473138
465,12288,-0.030701133
170,10701,-0.075550252
3107,9654,-0.009549546
244,11058,-0.104217942
260,11174,-0.092970108
508,12509,-0.024703939
293,11352,0.017279542
79,10293,-0.052777745
480,12368,0.012135807
596,12876,0.074291196
335,11584,0.020092312
496,12457,-0.057891855
3041,9360,0.027687214
3102,9627,-0.004842402
367,11762,-0.112412199
109,10417,-0.087818256
345,11637,0.003848231
3124,9743,-0.078114764
133,10514,0.041564829
3015,9262,0.028326123
3053,9397,0.041639683
414,12037,0.004942824
3035,9333,0.072914167
65,10239,-0.066560408
327,11539,0.011816169
448,12206,0.000945665
216,10872,0.029423582
120,10453,-0.033321991
32,10104,-0.055674785
394,11940,0.001004999
351,11664,-0.079042797
378,11842,-0.072401363
3091,9574,-0.015587821
528,12572,-0.054795446
574,12778,0.048939149
439,12144,0.029856619
543,12643,0.024513671
187,10765,-0.051902247
485,12402,0.031265096
3155,9887,-0.047114978
2,10006,-0.052085799
603,12912,0.025804143
3078,9495,-0.007164343
606,12920,0.009787238
3020,9280,0.050257661
202,10827,0.034202481
610,12938,0.016770118
1757,2381,-0.072340796
2160,4525,-0.090528157
2198,4767,-0.059714482
2655,7197,-0.086414156
2431,6119,-0.107219836
2516,6468,-0.098259517
1718,2130,-0.044017323
1863,3039,-0.068034537
937,1455,-0.071262141
2547,6592,-0.132142247
2853,8158,-0.068440082
2299,5336,-0.084266865
2290,5309,-0.038365248
2862,8229,-0.072817874
1783,2577,-0.114206578
2413,6048,-0.054916893
1614,1794,-0.031116855
2613,6976,-0.101281261
2463,6271,-0.099097987
1842,2915,-0.113675218
2264,5167,-0.109573236
2367,5755,-0.054674933
2896,8425,-0.092221696
2114,4302,-0.046707421
2710,7446,-0.082050148
2554,6627,-0.116457684
2499,6397,-0.138427011
436,1213,-0.09883934
2187,4703,-0.061865726
2379,5826,-0.106421191
2576,6761,-0.064616403
2808,7865,-0.059548032
1945,3459,-0.084779088
321,1151,-0.092825073
2795,7767,-0.084861649
2230,4981,-0.059610186
2250,5103,-0.052283409
2041,4008,-0.083282844
2027,3958,-0.046700389
2128,4366,0.008289959
2686,7348,-0.040120603
2844,8096,-0.001592628
1690,1936,-0.124940547
2075,4142,-0.048182111
2222,4927,-0.037897524
721,1348,-0.062071292
2359,5700,-0.052658209
2341,5577,-0.032169612
2695,7384,0.027939241
2882,8354,-0.020302757
1746,2309,-0.082893356
47,1017,-0.008063794
2441,6164,0.009988487
1854,2988,-0.036101181
2000,3805,-0.016021283
173,1071,0.03205073
1991,3761,-0.043418952
2606,6930,-0.057249373
2965,8826,-0.001015916
1931,3397,-0.02158048
2822,7945,-0.019491066
2006,3841,-0.077522551
2097,4240,0.007150623
1679,1874,0.047561314
2104,4268,-0.05485269
2800,7810,-0.065180613
2451,6217,0.002206168
2622,7044,-0.042650532
1457,1696,-0.044951394
2635,7099,-0.021168823
2152,4482,-0.010781218
2831,8014,-0.015085748
2066,4106,-0.012921558
2987,9019,-0.007055498
2537,6547,-0.02252408
2274,5210,-0.029678125
2085,4188,-0.062242659
2989,9026,-0.033096401
1576,17771,-0.001324679
835,14049,-0.056184816
1675,18527,-0.025148488
1676,18554,-0.066610206
1353,16329,-0.037060479
1447,16908,-0.061177553
731,13524,-0.045162242
899,14405,-0.064392604
1376,16472,-0.044127425
980,14753,-0.067312065
1221,15741,-0.066903759
1682,18858,-0.05050145
1240,15830,-0.066665718
825,13999,-0.052416529
1151,15448,-0.04628589
724,13490,-0.040692361
1011,14922,-0.037581131
791,13819,-0.052778944
1686,19141,-0.059138226
1551,17619,-0.027095653
1390,16551,-0.004714375
1505,17334,-0.046327039
1114,15313,-0.053517311
1629,17968,-0.02546952
1372,16454,-0.053204762
1693,19631,-0.041299494
1694,19695,-0.033715739
1139,15402,-0.070783259
1678,18670,-0.072606831
962,14673,-0.04967989
1591,17851,-0.035785394
1688,19249,-0.041829256
1696,19999,-0.043385071
749,13622,-0.057264054
1495,17254,-0.036261468
1163,15493,-0.0340207
1255,15901,-0.025595108
874,14272,-0.022515869
1466,17049,-0.028578318
855,14165,-0.032713281
1681,18778,-0.005474347
1606,17913,-0.052368203
1282,15983,-0.069829623
976,14726,-0.027079016
1519,17423,-0.056883524
1345,16285,-0.019988187
1358,16365,0.024529202
1689,19338,0.001439711
1473,17101,0.006673333
1488,17209,0.017115986
885,14352,-0.032290924
997,14851,0.047822797
1320,16132,-0.088156329
1368,16427,-0.044376268
1382,16506,-0.012537106
1051,15108,0.004054872
691,13301,-0.005374891
1691,19392,-0.117583679
944,14584,-0.030602814
1204,15652,-0.052950878
703,13365,0.081910653
843,14085,0.021695585
709,13392,0.061161976
665,13187,0.086764382
1184,15554,-0.136916994
1671,18242,-0.025630801
662,13169,0.080365279
779,13757,-0.041282866
1531,17496,0.047113669
1669,18028,0.004199931
1427,16757,-0.03726421
687,13276,0.059705329
1695,19793,-0.130885393
816,13935,0.068820061
1092,15233,0.044894669
1586,17824,0.015912989
1677,18581,-0.079406387
759,13668,0.006405351
1672,18331,-0.062036677
1684,19007,-0.002725763
1454,16944,-0.05293289
1674,18475,-0.080631475
1687,19212,-0.092497093
1016,14940,-0.100093652
1568,17726,-0.094296971
1683,18938,-0.074687525
1545,17575,-0.086583221
1673,18411,-0.123757505
1680,18741,-0.08308629
1692,19560,-0.116906006
1397,16613,-0.111353993
1425,16739,-0.131801794
1685,19114,-0.09203511
910,14450,-0.12734987
1043,15064,-0.135330604
1514,17398,-0.148150648
1699,20063,-0.053374217
805,13891,-0.042651042
1697,20048,-0.116633381
1670,18162,-0.087532474
1698,20055,-0.026749018
1404,16659,-0.0480406
