SIRUTA,model4
1017,73174.33697
1071,3127.348846
1151,5570.129418
1213,26068.25758
1348,20799.73127
1455,7787.020827
1696,26891.09486
1794,15503.33265
1874,35607.26732
1936,7898.23483
2130,2221.27699
2309,1350.48717
2381,1711.045956
2577,1594.542838
2915,4149.616681
2988,2007.559825
3039,4953.071511
3397,1086.390153
3459,1531.711737
3761,936.7964418
3805,1560.065268
3841,268.767188
3958,3082.817965
4008,1203.441492
4106,1725.03444
4142,2083.100864
4188,2024.127268
4240,3103.124952
4268,964.2876741
4302,1618.964949
4366,4937.554168
4482,2048.400659
4525,1712.058127
4703,1152.145759
4767,2108.127505
4927,6645.704107
4981,666.0815399
5103,5386.563546
5167,1341.422718
5210,2817.53799
5309,2490.080625
5336,3458.369506
5577,2927.061493
5700,3192.030334
5755,2233.00516
5826,863.6223742
6048,1753.462485
6119,633.1595779
6164,799.7967036
6217,3592.061889
6271,1159.251296
6397,569.6337984
6468,1144.909973
6547,1347.559588
6592,1060.503416
6627,562.037634
6761,3125.984326
6930,1552.203955
6976,1666.222033
7044,2240.422064
7099,5991.707309
7197,1667.332924
7348,2680.337679
7384,3193.970362
7446,1857.347519
7767,2463.827776
7810,2481.658165
7865,4258.40704
7945,2568.102822
8014,3089.80733
8096,7773.784304
8158,5009.553417
8229,1448.912475
8354,3162.830122
8425,1703.666456
8826,5603.889443
9019,1215.379242
9026,2340.827198
9262,183778.8867
9280,3731.868861
9333,3560.695683
9360,2714.170195
9397,12644.83498
9459,8874.70217
9495,8907.507531
9538,9462.89284
9574,11071.19408
9627,7846.9895
9654,7789.715028
9690,6583.388582
9743,2692.427559
9798,3376.751847
9832,1512.449493
9887,1057.857089
9930,3027.442168
10006,1818.248357
10051,1810.900741
10104,2614.249418
10195,3310.715498
10239,1218.497438
10293,3514.782392
10346,1183.346635
10373,2773.223352
10417,1378.499068
10453,2278.803409
10514,2766.491568
10532,2841.867937
10649,1205.670719
10701,1494.644852
10765,1315.102034
10827,3178.426258
10872,4037.853024
10916,2479.775515
10943,3968.446497
11058,2965.217498
11174,1320.861517
11236,1240.223919
11307,719.0654343
11352,2540.135223
11398,6963.770431
11423,3520.349478
11478,1042.460515
11502,1973.9128
11539,4304.82
11584,14534.61151
11637,1843.515273
11664,1353.973277
11735,2014.71492
11762,1178.613187
11842,2886.694043
11940,5895.333989
11995,2988.736215
12037,4152.179521
12055,3729.333002
12091,14447.401
12126,2330.972655
12144,4072.211432
12206,2966.507315
12224,2774.002394
12242,4599.488059
12288,879.4232518
12340,4329.90127
12368,9055.263079
12402,326.7381923
12457,1703.38171
12509,6088.370336
12572,1665.509691
12643,6700.030712
12689,2719.575149
12778,4814.489135
12812,2593.863455
12849,1429.481986
12876,5207.61457
12912,1621.973693
12920,2547.837346
12938,2781.369266
13169,180794.2021
13187,12360.34478
13276,8034.592961
13301,34968.48894
13365,6069.385756
13392,15690.88195
13490,37903.60095
13524,4210.194831
13622,33834.25276
13668,10385.89037
13757,9804.993416
13819,5798.121374
13891,1602.126641
13935,4195.854463
13999,3224.592251
14049,2497.118849
14085,2689.634368
14165,6268.583831
14272,4053.681915
14352,1827.56781
14405,3441.845452
14450,4867.314866
14584,4505.826694
14673,2470.990845
14726,1117.05066
14753,1818.570801
14851,4047.617671
14922,3054.699393
14940,5709.054613
15064,2477.598864
15108,11252.57815
15233,4285.233216
15313,2205.683817
15402,3014.174161
15448,2109.308927
15493,2398.086517
15554,1151.425312
15652,2321.266958
15741,5695.320242
15830,4042.998177
15901,5306.473938
15983,1878.906618
16132,2184.109504
16285,2929.867424
16329,984.709552
16365,3840.301416
16427,1732.101946
16454,3086.23776
16472,2574.034718
16506,1874.948023
16551,3080.718676
16613,2375.506432
16659,2151.708733
16739,2248.344027
16757,5807.322745
16908,4762.066557
16944,2899.406715
17049,4403.951477
17101,4405.261666
17209,4504.500994
17254,5810.483546
17334,1668.923767
17398,2471.998493
17423,2026.132883
17496,5489.318723
17575,2181.230404
17619,3796.303707
17726,2158.902026
17771,1760.486788
17824,2838.78267
17851,5695.400282
17913,1019.423841
17968,3456.975803
18028,6590.088639
18162,2125.536026
18242,3533.433534
18331,3167.274531
18411,2843.394742
18475,2555.202866
18527,6051.68277
18554,2168.471793
18581,1626.24037
18670,4893.420169
18741,4873.954951
18778,4900.876328
18858,4502.978283
18938,3294.984152
19007,3079.009417
19114,2433.93138
19141,2477.381662
19212,1435.595383
19249,3414.087027
19338,5246.263623
19392,2053.343361
19560,2989.287442
19631,3007.033568
19695,2700.142455
19793,3660.127571
19999,3079.950562
20048,1112.149911
20055,2620.209217
20063,2892.284469
20297,192484.0875
20313,5228.827386
20359,6203.686094
20411,4727.572662
20466,9364.870897
20563,52990.5736
20607,5285.989671
20670,5052.603319
20778,20277.65131
20821,24943.98395
20876,23654.81854
20910,5795.449588
20965,12712.27583
21007,6087.414185
21098,2484.156918
21123,7164.808055
21196,7827.649665
21249,2100.111785
21338,5479.06093
21418,5213.989585
21454,4793.077902
21506,7464.917973
21560,2830.596344
21597,3339.299385
21668,5016.154869
21720,3890.101351
21757,5217.009778
21855,6910.451936
21891,2179.804854
21971,5450.685823
22059,3355.041259
22111,1873.573335
22166,14692.103
22237,2813.47474
22380,11046.69291
22460,5429.132883
22488,2279.685733
22576,4725.285532
22665,2851.766703
22718,4705.299904
22781,6743.046387
22834,3393.313551
22898,6781.737902
22941,5074.328624
23047,2435.559355
23127,1605.172718
23207,3003.446603
23289,5262.546556
23350,5372.556281
23387,4221.808862
23449,5364.33351
23494,3553.65082
23644,2931.329056
23715,10004.71991
23797,9277.836943
23868,1639.649224
23948,3775.759488
23975,3356.253032
24034,3282.827132
24089,3786.51364
24187,4227.078301
24276,4758.055489
24338,6379.647439
24427,3336.290707
24524,5087.842776
24631,7916.646643
24711,3504.94768
24766,7875.385506
24837,4846.84763
24999,2250.252581
25068,10135.74213
25148,4480.767901
25228,4815.543384
25291,3008.490047
25362,2185.536985
25488,3684.881423
25521,4604.205492
25629,2410.73995
25692,2881.749724
25745,2474.367915
25825,5850.411194
25861,3035.222629
25932,3676.270542
26029,3652.780185
26083,4112.749557
26118,2091.992653
26289,4847.269593
26320,2108.964768
26338,2969.893845
26346,3847.12037
26353,2287.114256
26361,2378.118842
26379,1475.117323
26564,226131.1094
26582,11773.49266
26653,5295.586248
26699,11143.05089
26742,3820.168185
26804,11613.38284
26840,7807.936355
26877,18253.766
26920,2038.880083
26975,19417.27512
27007,2631.075997
27070,3132.446552
27169,3032.989502
27212,3016.007881
27285,3227.31261
27329,3245.125198
27383,5442.833608
27436,4659.145004
27506,1325.53081
27560,4021.338559
27631,4947.13064
27686,4997.070351
27757,3801.030511
27846,2517.970907
27908,1983.61518
27935,2178.465683
27971,4403.377975
28077,1833.57746
28139,1512.157545
28193,1858.205602
28246,2392.295646
28335,3568.083471
28415,2063.734865
28497,2435.156252
28530,3176.175179
28610,2193.288779
28665,4392.955977
28709,2481.076286
28763,2898.425263
28816,2168.760926
28889,1380.176695
28941,2486.428942
29001,3889.272889
29038,2756.394945
29092,7028.126068
29154,5395.086785
29243,3117.34548
29341,2381.720831
29403,3660.254775
29467,3628.509252
29519,3085.241231
29573,2972.83211
29662,2165.897355
29724,4299.874573
29760,1567.693241
29813,2934.843258
29902,3620.910269
29948,2863.798712
30014,3169.860098
30069,2734.286716
30149,5239.073412
30229,2698.490121
30274,6585.066086
30336,3191.073506
30416,1512.940438
30470,2863.066382
30568,7984.580359
30648,2012.045687
30719,2885.298914
30773,3270.492369
30844,2453.397686
30871,1870.51603
30915,11754.59903
30988,3154.686921
31011,4449.48567
31057,1371.18382
31128,2543.494604
31208,1152.751527
31262,4548.677238
31333,4100.346034
31379,1219.488572
31422,2515.400005
31510,3227.739826
31565,2673.623895
31609,1980.192922
31654,4446.822129
31716,6992.173081
31789,7969.818205
31841,2645.94473
31878,3060.924773
31921,2108.390496
31976,4135.252832
32027,10875.226
32045,1357.416887
32090,2053.901311
32153,2025.338273
32161,2401.115089
32179,2128.118005
32187,2939.36144
32195,1820.85021
32201,1946.715116
32394,92182.46637
32483,11780.22141
32544,11416.14648
32599,10823.68535
32633,4260.212914
32660,3153.790315
32704,3058.505339
32768,1868.872226
32811,4240.83606
32884,2825.954727
32955,1585.711922
33015,3008.5307
33122,2247.830827
33177,2011.298141
33202,5253.577308
33248,7891.396105
33275,2481.297468
33337,2465.833897
33364,3430.606269
33382,5088.042785
33435,6043.608512
33514,2876.957156
33541,4882.760246
33603,3365.747911
33621,8332.309475
33658,2681.347015
33729,2201.507897
33765,2551.772093
33845,1132.863904
33881,1309.571207
33952,1626.325304
33989,5221.84477
34075,2909.965824
34155,2480.361174
34173,3835.422749
34235,6363.738482
34262,2776.401748
34280,5141.833731
34333,6428.215122
34360,1742.185078
34397,2870.242703
34422,1015.422362
34477,1477.030663
34547,3708.594058
34618,3464.273039
34645,2990.090606
34690,4576.694178
34770,2396.370897
34850,2593.945817
34903,3733.646861
34985,5886.914977
35054,6078.320773
35090,6420.535402
35152,3519.12169
35269,3586.47874
35312,1980.090743
35429,3510.798227
35731,120081.6932
35759,4995.286326
35839,4766.245114
35884,3461.214326
35946,11264.48085
36006,30696.8276
36060,7915.726567
36131,6683.317357
36202,3809.510383
36300,5068.201201
36373,2057.284146
36426,3501.416582
36453,5072.37365
36499,3365.280516
36532,1886.860862
36569,4302.024368
36649,1881.368957
36676,2237.694088
36756,6537.315369
36809,4799.123866
36907,4686.23916
36952,3682.764036
37011,3180.523806
37057,2933.377967
37100,2657.479895
37173,2570.514037
37217,4144.826503
37280,11507.67829
37324,5899.601296
37397,3252.59576
37459,3484.253326
37547,4708.001431
37618,2180.885489
37672,3423.112114
37734,3744.947584
37770,6155.61985
37823,3918.178302
37850,2483.220415
37912,4437.948239
37958,3350.829863
38063,7497.750296
38161,2590.312015
38241,2252.942743
38321,2776.287541
38376,1867.904263
38456,2582.510165
38492,2955.724896
38544,2528.87783
38580,3329.205987
38633,3482.491807
38679,2756.777939
38731,2074.397924
38811,3312.060989
38848,2116.031598
38893,2804.08681
38982,4747.035871
39051,3083.887723
39122,3995.463504
39168,5461.631664
39220,2735.847498
39266,3561.509133
39328,5408.832606
39391,5109.269146
39417,6553.58873
39532,2824.943783
39612,2000.785571
39658,2007.250636
39694,3462.75473
39738,4886.158227
39792,3036.687841
39836,4245.615576
39872,7716.762596
39942,1979.77045
39959,1379.179584
39967,2015.048741
39975,2968.204837
39983,2092.752745
40035,1315.216825
40198,289724.4123
40214,7983.801608
40241,25475.95579
40278,39262.04154
40303,6364.57575
40367,17989.43983
40394,5931.094832
40438,36437.81974
40465,8727.389848
40492,25789.97824
40526,3185.873957
40544,1700.477484
40606,4706.78468
40633,5825.460491
40688,4022.954598
40704,2652.165533
40768,2643.945434
40820,1899.019805
40857,2734.771675
40900,6276.809368
40928,5015.008567
40955,7081.285104
40991,794.081083
41033,4926.440786
41088,6087.46569
41113,2213.084417
41177,5170.140867
41248,2494.227172
41284,2535.227197
41346,1719.266738
41382,2921.786058
41417,3239.027535
41471,5130.99315
41541,1937.678602
41578,2009.38929
41621,3641.351139
41667,9580.643777
41701,3285.775834
41738,2982.720643
41818,2761.421912
41854,3507.477211
41925,5197.365832
41943,2034.438042
42003,8358.760453
42058,4150.725331
42076,978.581162
42101,2305.148732
42156,2101.745174
42183,3405.323748
42236,2216.681736
42307,2924.615534
42398,4717.014921
42449,1624.496943
42456,2492.770673
42464,1453.053392
42472,1334.730538
42480,1034.621358
42498,1810.028288
42682,212261.6774
42708,6090.238939
42753,4099.747048
42771,1475.217141
42824,3268.035058
42842,3098.68244
42913,2785.182803
42968,2719.954064
43019,3149.875846
43073,3827.432378
43117,1414.734016
43180,3065.176708
43242,1760.424862
43279,2270.906362
43313,3454.759191
43331,10855.07887
43411,7003.131986
43466,3227.327336
43493,2883.871854
43563,3526.743299
43625,3326.32257
43652,4185.22672
43698,1112.250556
43732,2005.31039
43787,1872.080733
43812,2728.593034
43867,2609.501296
43929,1321.735111
43992,1836.730769
44060,3427.511032
44113,2410.528087
44140,4598.97586
44177,3654.079081
44202,3398.820927
44257,2113.458433
44300,5374.303315
44328,3812.31131
44355,2361.573136
44391,4032.349601
44435,3690.158413
44462,2539.461257
44505,6234.250684
44532,3173.667397
44560,3406.816493
44818,141470.8488
44845,39850.20771
44863,2390.515795
44934,2640.390998
44989,1637.344626
45003,4396.667258
45101,8965.530808
45245,2670.488554
45334,1069.061125
45361,2224.838577
45389,1081.328297
45496,2545.358841
45539,2381.519944
45619,2792.166774
45673,3042.864708
45753,4483.729527
45815,3628.227735
45888,855.9596478
45959,2468.683904
46019,3771.20682
46108,607.7059676
46180,3439.940654
46251,1802.641338
46313,4713.035304
46377,5437.300241
46439,1103.635678
46484,4854.517699
46554,2133.970172
46769,4121.347981
46803,3397.038191
46830,2339.703592
46867,4272.511002
46910,3918.242089
47006,5329.602115
47079,3476.105406
47159,1547.197994
47186,4080.491637
47300,2848.942379
47337,2145.398295
47373,8432.061961
47417,671.1867925
47453,7274.26574
47578,2022.082037
47630,2519.647884
47774,2574.15193
47818,930.641873
47854,1837.642335
47916,11005.81612
48021,873.2185265
48138,4242.34708
48165,426.8343686
48227,2485.315604
48325,8101.066494
48487,3306.658682
48557,5604.670863
48682,3148.385177
48744,7445.679259
48771,5844.60615
48842,4009.469598
48922,1281.287138
48968,4544.488771
49019,1144.036001
49046,3860.282466
49073,4858.036417
49153,3406.249501
49206,3216.482448
49233,1363.019807
49313,2813.708116
49439,2417.594286
49484,3239.011562
49545,6458.556949
49625,3845.260648
49643,4672.962138
49769,4313.196142
49849,4431.011107
49894,3005.674706
49956,9681.744832
50022,5996.568436
50068,774.6998433
50102,8805.13798
50228,3021.350812
50326,3353.680492
50399,1530.293741
50415,5102.663416
50479,4386.834509
50549,2190.311664
50564,1374.881629
50790,88179.9899
50889,9012.515008
50923,5151.290557
50969,19493.25002
50987,732.1605184
51010,29852.34197
51056,13475.29395
51118,13140.19212
51207,12216.91999
51243,2430.068418
51305,1773.273398
51332,2530.796001
51387,1165.513367
51449,2744.945371
51500,3881.738438
51546,1351.726767
51573,3243.42783
51626,1095.632812
51662,258.3823743
51699,2248.121828
51751,3003.180811
51804,3051.895652
51840,1000.372096
51877,2654.872529
51948,1611.038612
51984,1007.10692
52035,702.0886521
52062,1123.109124
52115,1767.510418
52160,2873.630116
52570,1662.422264
52650,1886.547768
52696,2011.065958
52721,1323.728857
52758,1286.607565
52785,1723.815043
52856,1722.395402
52909,1443.054268
52936,1941.736733
52954,790.0256274
52990,2061.005691
53023,2164.929078
53069,983.8586552
53103,1711.967071
53130,2433.066607
53167,2593.812368
53210,1092.571488
53247,2787.032254
53274,4247.259153
53327,717.2724674
53345,1039.27697
53372,3506.016276
53425,2407.41165
53489,1895.510974
53513,2984.076895
53577,2510.156017
53639,1497.85756
53675,2109.970291
53700,1570.126337
53728,1979.165912
53755,1494.310183
53791,1439.151556
53853,2160.151983
54056,2979.837653
54109,2051.616839
54163,1179.880699
54270,3993.343277
54305,1850.871923
54350,1677.330914
54387,2628.303301
54412,3342.879051
54485,887.8196744
54500,1420.685466
54537,1584.563604
54573,1056.671874
54617,4101.995089
54699,823.6941312
54975,322479.8234
55008,39312.27831
55062,2943.791651
55106,1158.31337
55160,3624.35693
55259,56934.84092
55277,6232.346143
55311,2007.586343
55357,29883.82512
55384,22400.59057
55446,9381.182511
55473,6861.295988
55598,1151.651294
55623,1244.186467
55687,11082.61728
55776,1579.130601
55838,10018.67701
55918,2054.754018
56014,1306.999321
56096,1564.653282
56210,4734.633523
56265,1427.340582
56327,1272.877965
56354,2319.414457
56425,2582.627255
56461,2495.7649
56522,2774.565041
56568,3236.67584
56666,4698.289046
56773,1904.611313
56844,3914.553041
56988,2999.309559
57083,2550.373523
57163,1632.037287
57225,1512.183062
57314,2333.190407
57350,3984.114478
57449,1478.481592
57546,1373.438113
57582,3929.836442
57644,2719.978079
57706,17553.22815
57742,4182.128515
57831,1549.379802
57902,8809.704082
57948,2347.696402
58008,4085.104493
58142,4612.006754
58204,1631.287868
58259,4769.944959
58311,4648.865784
58357,2266.053374
58393,1497.602556
58464,1609.965585
58534,1512.31297
58552,3857.901797
58623,3310.40972
58721,3256.35396
58794,1172.684314
58856,1698.97455
58918,1621.725674
58990,694.8991398
59041,5413.242559
59130,1368.712293
59238,1566.874652
59283,1488.695723
59327,4251.694606
59416,2671.48038
59434,1696.666334
59498,1437.563264
59586,2213.027242
59657,1695.619942
59693,4625.241292
59764,2326.472431
59826,1932.569322
59880,2734.30881
59942,1947.71033
60026,979.401329
60062,6144.815466
60099,1396.713145
60169,2414.30599
60419,325458.1746
60455,10164.91756
60482,41540.88776
60507,42099.0287
60534,8084.462134
60570,7818.875437
60598,5922.422649
60632,6684.031903
60687,16248.13152
60721,6873.188686
60776,20492.4625
60801,10840.44995
60847,44668.71203
60883,2341.834093
60945,3539.291049
61005,2822.701092
61069,5615.165609
61121,5072.822021
61167,1456.494287
61210,3374.992617
61256,3369.19366
61283,3033.319735
61318,9041.615359
61372,5482.364605
61452,2002.303743
61513,5991.523227
61559,3290.234856
61620,12845.98038
61675,2419.061602
61737,3071.492155
61808,1727.030983
61826,2668.867965
61871,3049.095664
61951,2101.759917
62020,2473.711315
62057,3274.239098
62137,2410.922887
62191,10183.69681
62253,3556.265995
62280,5132.538505
62360,11784.01498
62397,5534.364074
62440,5316.100216
62486,2757.290365
62538,5173.937611
62609,1853.717054
62672,3254.745697
62707,3355.53736
62761,5205.054207
62798,3859.935907
62823,1342.870106
62878,2315.66991
62903,2291.523808
62949,1457.374752
62985,1651.720163
63045,1853.179958
63072,5762.910098
63125,12829.08378
63152,9580.689698
63161,554.5264663
63170,746.5709003
63189,1819.387494
63198,2737.957968
63278,1096.52201
63286,3176.569781
63294,2062.500028
63300,4022.975045
63318,2099.175787
63326,1110.525066
63334,1576.412172
63394,64877.51767
63447,9087.371939
63526,11039.84575
63553,1034.406123
63580,8853.508682
63633,3809.907349
63688,4814.394084
63740,20155.06772
63777,1676.754133
63802,4606.27628
63866,2791.342601
63893,2421.286148
63937,3105.210104
64005,1507.738074
64041,4935.739862
64096,3714.306027
64130,3315.644566
64194,3954.395632
64238,1695.190367
64265,2060.939273
64318,4931.763995
64345,2623.343752
64390,2212.085523
64425,1980.849338
64461,1965.905158
64504,1047.0475
64568,1175.443043
64602,3491.112777
64639,4541.470593
64719,1731.196333
64773,2355.876594
64826,4596.073037
64871,3972.664439
64906,2443.334183
64942,4446.53839
64997,1853.669999
65011,5291.266303
65048,4790.255552
65099,1082.244599
65105,1287.121995
65113,1502.215582
65121,1764.941822
65139,1777.975914
65147,927.4314182
65154,1109.338506
65342,93642.1598
65379,6283.717584
65413,4674.966971
65431,9230.25567
65477,7215.078759
65501,4371.976212
65609,8036.345098
65645,2164.325168
65681,15305.17157
65707,2161.659887
65752,5824.331963
65841,20241.77077
65869,3798.757166
65921,14960.31609
66009,4457.884181
66081,10196.79507
66152,4262.188338
66198,8228.036245
66223,2231.03492
66330,4561.451931
66401,1723.747536
66438,4441.189264
66474,6516.899761
66526,2747.423621
66580,3074.316755
66697,7637.781505
66731,5291.806246
66768,4064.953107
66857,7672.06137
66955,1487.801517
67014,6161.76299
67121,3455.790714
67167,3370.43138
67256,4752.441233
67292,3487.72762
67327,6905.126578
67407,8420.165017
67470,4043.313768
67522,4285.004994
67595,7067.5786
67648,5227.490766
67675,3173.767856
67737,7080.40995
67773,2990.920812
67835,4825.654563
67906,5503.717909
67942,2265.420155
68002,4779.797064
68048,5122.605113
68128,4310.81688
68182,5411.72157
68253,2793.099308
68280,4073.122028
68324,4402.160158
68342,4993.422006
68404,3148.183582
68431,3486.597467
68468,8465.31239
68529,3393.866766
68565,1912.222753
68627,6238.644841
68716,4326.014777
68789,3847.887662
68887,3104.465766
68921,5132.480984
68976,3930.256149
69063,4574.212107
69170,2194.62764
69250,5023.195531
69303,2581.700141
69330,3992.090478
69394,1934.084688
69447,1891.795433
69526,5739.88196
69615,2871.911511
69900,307032.149
69964,4173.281845
70094,3973.053543
70110,6929.4711
70174,4542.865297
70316,19416.30991
70352,17944.19714
70414,17758.95851
70502,8062.80483
70520,2667.00922
70566,1918.545092
70637,5315.425804
70673,1607.066971
70726,2138.239097
70744,4372.770791
70879,4073.503542
70897,4209.303758
70940,3973.912834
70968,757.0202741
70986,1387.116101
71055,4938.479343
71126,3640.137122
71199,3200.985217
71260,4144.949975
71340,1515.954319
71457,3741.212222
71518,2411.332137
71536,2320.059585
71572,3167.898168
71607,5889.002355
71634,4408.361294
71698,4048.933061
71723,1785.441806
71787,5240.750346
71812,1590.261633
71858,5230.453042
71885,3251.410174
71910,2204.165053
71956,6041.787009
72007,12075.79018
72034,4626.566459
72052,2925.355939
72098,2346.504857
72150,2045.660262
72221,2696.645847
72276,1955.665659
72383,4062.835833
72409,1928.398196
72463,2935.623784
72506,2080.474751
72533,2953.371289
72579,2540.451035
72604,662.8787808
72640,2569.183201
72677,2924.981134
72819,1615.539895
72882,1576.625739
72926,4705.183368
72953,3087.581184
72980,1322.732791
73013,1289.593551
73031,4851.569436
73068,3718.828112
73102,3888.499109
73246,1630.053724
73317,4593.14522
73335,7390.44911
73371,2351.731136
73460,2286.840969
73503,2660.21103
73567,5119.861099
73594,1679.212468
73629,4527.900632
73665,2742.357273
73709,4628.21703
73736,10496.04062
73772,2026.894427
73852,1305.314041
73905,3397.646423
73923,2382.678557
73996,8289.394064
74028,2103.940854
74073,2014.616362
74108,1882.859749
74135,1025.29855
74171,1097.235971
74224,1525.182462
74242,1773.735428
74322,2999.73861
74359,1592.747082
74411,2317.259894
74509,2828.095756
74536,3737.934531
74554,2926.986153
74581,5409.423618
74616,1843.462659
74705,1265.939363
74732,1626.941141
74750,2531.47939
74842,1813.566601
74859,2776.080411
74867,1418.96327
74875,1848.385628
74883,1653.09102
74891,1345.483508
74907,2233.642524
74915,1647.778271
74923,1440.673263
74931,1312.208863
74949,2244.392048
74956,1248.32584
75098,298177.5618
75114,4008.079979
75150,5573.96399
75203,44995.40874
75221,6168.42466
75258,7573.993069
75338,3397.901289
75356,3920.832217
75472,7173.228869
75515,6121.058484
75542,2019.87552
75613,2263.143492
75668,2490.999062
75686,2139.258536
75711,4019.552095
75766,9320.322014
75819,2471.170888
75864,2991.508957
75917,2317.118032
75953,7630.415184
76004,2234.690377
76040,6680.693978
76111,2668.691424
76139,2384.290972
76157,7464.742835
76175,5456.945021
76255,4932.337244
76282,3239.431424
76317,5456.4349
76353,3838.867834
76406,6346.401117
76497,3445.962688
76558,3712.164921
76585,4611.344487
76601,9753.235462
76638,1769.070272
76674,10839.07648
76692,12405.30865
76718,4925.062958
76745,3279.244327
76763,2175.2774
76807,4209.638998
76932,1325.183022
76969,11098.29966
76996,4768.953043
77028,2214.508953
77082,2263.281147
77126,2529.55994
77153,3560.712519
77180,4382.257269
77224,4950.332514
77260,1426.486226
77288,1782.930517
77313,5213.003383
77331,7520.0445
77377,2494.596808
77402,6943.538881
77475,3616.055925
77509,2029.926535
77536,1988.588417
77561,1549.777669
77579,2417.341654
77587,1639.285581
77595,2718.404184
77601,1368.857352
77812,95930.74606
77910,7339.050933
78016,5733.86194
78089,2252.558814
78141,24904.36258
78258,5756.86929
78329,8324.032418
78454,4617.279482
78472,2790.819939
78542,1876.36581
78604,3818.35065
78668,1215.137331
78711,4400.186203
78748,2070.950013
78828,1675.940931
78873,3174.211195
78926,1991.621919
79004,7748.413671
79077,3190.995231
79157,3305.721754
79237,2236.095812
79308,10810.61844
79362,2101.934434
79406,3263.253407
79497,2112.973521
79585,2625.844184
79656,1599.995548
79736,2094.919223
79834,4886.736351
79932,3239.916559
80043,2084.160915
80123,3628.549882
80249,2531.140533
80285,3934.134196
80365,1834.614806
80427,1940.99315
80506,1623.069099
80560,2285.045458
80613,2083.184151
80677,1670.905744
80711,2222.155005
80766,2580.125986
80846,6146.155344
80908,2047.571285
80980,3519.511724
81095,4795.613752
81184,3835.520682
81264,6701.8854
81380,2778.679868
81415,3004.874453
81497,3121.098875
81576,5086.366966
81656,1716.985105
81754,1481.519349
81816,2277.640481
81861,4506.633763
81987,1758.161142
82047,3334.366643
82136,2315.285985
82243,2462.618875
82314,2254.615411
82396,2607.531863
82430,7039.392503
82555,4001.467413
82617,8532.360816
82680,5493.315046
82733,3122.907424
82779,2628.010534
82831,2820.077555
82895,15956.26965
83133,39499.04081
83151,2039.700674
83197,3183.835808
83320,42974.67226
83375,1857.826193
83428,1593.037036
83464,8295.53525
83491,3034.516203
83525,10504.63975
83561,19738.97274
83632,16521.18548
83749,7746.291722
83785,2856.534679
83847,2708.715418
83936,2763.884758
83963,2042.006873
83981,4802.19174
84086,4498.115589
84102,2681.282728
84148,1449.941388
84175,6113.786519
84237,2197.252369
84264,4146.536257
84344,6008.07586
84380,1052.747581
84415,3588.76397
84460,2514.551139
84558,5754.881197
84594,3601.821879
84629,3827.976252
84656,5420.90572
84754,3312.055292
84825,4910.561379
84923,2856.378198
85056,1300.693148
85074,2531.609262
85127,3499.285822
85243,1180.252832
85289,2714.049084
85341,7199.983394
85412,6263.161348
85467,1232.749802
85528,4084.765948
85582,2665.922713
85626,2846.082852
85680,2921.646169
85760,6370.702295
85788,2301.736092
85840,3504.798061
85877,1912.599551
85920,5319.110462
85984,3873.109358
86133,3303.633178
86188,2240.099061
86222,1112.618943
86311,1620.895745
86339,1870.925999
86366,6029.544814
86438,2253.033044
86446,2129.044372
86453,2479.439429
86461,2855.378144
86479,1954.118072
86487,1821.412666
86495,1562.425835
86501,2017.370447
86519,2006.062532
86687,72244.80893
86749,663.5758965
86810,79580.96254
86883,2133.488145
86936,2690.505578
86990,45773.46927
87059,26413.96986
87077,24479.43199
87139,9902.51777
87175,29914.53819
87219,5035.257588
87246,1235.005877
87291,15998.00142
87362,4036.50121
87424,12909.66419
87576,11380.56223
87638,22872.54637
87665,14714.36361
87745,2676.220377
87843,874.7546213
87996,2812.678169
88047,1801.384428
88092,3542.434005
88261,3319.669072
88350,1150.767709
88449,2040.189223
88546,1568.403218
88644,2874.980248
88788,2095.102655
88868,1556.913933
88920,270.580154
89026,308.105997
89080,817.6020886
89151,466.3152286
89240,3154.054761
89348,1569.101838
89428,3286.522709
89561,5373.705954
89687,1469.0623
89801,2036.528714
89856,3698.133967
89954,1411.209927
90066,385.4512117
90119,905.9821182
90208,1821.315952
90262,950.0981229
90342,2129.272366
90431,1186.253351
90538,4213.961984
90663,2104.238658
90725,1327.455282
90805,1379.967817
90878,3205.210947
90994,2846.482782
91054,1167.678404
91116,2321.760277
91232,3191.205808
91330,3697.07582
91447,1024.605235
91535,717.477258
91624,1771.390851
91688,1998.839898
91731,864.7674217
91795,3767.314767
91937,1239.788793
91982,2850.412872
92097,830.1501754
92177,1660.966058
92569,77632.18457
92587,10361.72845
92658,53491.03042
92701,34456.77816
92765,15618.68226
92783,1327.304719
92836,8668.85813
92872,2293.786525
92907,1761.825809
92961,8270.192303
92989,5031.352569
93021,2696.275969
93067,3489.921311
93085,4235.488582
93101,3251.215996
93156,2514.613696
93209,2147.001665
93236,1872.659888
93281,4015.986308
93325,1706.705706
93370,6671.736216
93441,2829.669745
93487,9159.363492
93539,2847.018447
93575,5649.450944
93600,2650.85344
93628,2471.731926
93646,1504.395555
93664,4665.135114
93717,2168.74283
93735,3562.053797
93771,3509.174902
93815,4235.669986
93851,2799.325704
93888,6519.75985
93931,3342.328765
93995,3253.569629
94045,2739.149133
94081,2074.031187
94107,3557.666754
94125,2628.094755
94161,3667.095992
94223,5058.848783
94269,2842.282186
94312,6122.067843
94330,2215.248156
94376,3552.042163
94429,3955.10392
94456,1894.320303
94492,1831.136594
94535,2130.744851
94562,3259.391756
94580,2347.73798
94606,1412.858943
94651,2700.102135
94688,1925.641631
94731,1781.949178
94768,2193.693541
94795,2160.324891
95060,317041.7912
95088,5292.393336
95159,13739.91354
95239,4556.71434
95293,13397.80971
95355,11791.29914
95391,42774.90673
95471,13650.86115
95499,5783.850598
95612,2789.653249
95667,4309.914024
95747,3177.297166
95792,5248.536769
95872,11154.09588
95943,4320.877156
96003,4100.960116
96058,3095.587023
96110,4256.894316
96147,4224.224057
96192,4244.277517
96254,12087.03172
96334,2965.826599
96370,4343.513761
96423,4501.923137
96478,7927.510195
96593,2793.030998
96637,4019.906363
96664,1288.898102
96717,4670.80453
96815,10162.95166
96888,2373.884885
96904,2794.568212
96940,4909.385126
97009,5718.964429
97063,4039.70598
97090,3770.494381
97189,2906.386709
97241,2340.670246
97321,3212.186987
97394,1777.748468
97438,5720.833523
97465,2705.026511
97517,3082.840413
97553,1798.569712
97606,5879.720995
97679,7441.335477
97722,5708.563083
97777,1590.777376
97811,3818.595197
97875,4368.191002
97919,12284.34886
98051,4531.528871
98113,4988.016465
98168,3781.801086
98202,1735.541
98220,5255.140241
98257,3060.063685
98300,3722.850901
98337,3548.125525
98373,10189.34398
98435,3865.954053
98505,7729.959931
98603,3377.670032
98649,3637.364045
98685,8078.028195
98738,1855.7158
98774,6136.82354
98827,4064.659385
98916,4583.879969
98998,7445.737861
99058,4460.535706
99101,4155.109974
99165,5456.100312
99209,4362.724538
99290,3217.469024
99370,5169.470215
99441,2587.335623
99478,5490.206411
99539,5072.301226
99600,3819.98166
99673,7420.360903
99780,7744.112159
99879,4552.802575
99922,2027.33866
99968,6043.306203
100004,4310.015487
100086,4554.824066
100148,4332.735427
100219,7159.786729
100273,3425.575481
100282,1781.737182
100308,1460.101549
100317,1992.523985
100326,2287.939555
100335,3430.80438
100344,1425.392674
100353,5209.2971
100362,1896.295749
100521,68732.86866
100549,2345.145709
100576,21513.73451
100610,28348.48462
100638,4284.599953
100683,17845.11608
100709,797.1078049
100736,4790.158585
100754,2540.15535
100781,6184.061344
100834,9077.243566
100852,2329.882183
100870,2723.551075
100923,2439.664632
100969,7657.295906
101001,5022.727209
101056,3679.293954
101083,2122.391596
101145,4795.599127
101163,6532.243687
101190,13000.75353
101243,1261.221859
101298,9026.831004
101341,3479.865946
101378,3451.366663
101458,7393.504129
101519,1441.161537
101564,2184.669522
101617,3891.570832
101662,5649.404965
101724,1849.74958
101742,11390.0187
101804,7824.085716
101822,3264.71069
101840,5036.391878
101902,4529.991236
101957,5266.695551
101984,3268.032597
102035,6173.948906
102071,3244.709354
102106,6751.170665
102160,6084.073944
102213,5568.304871
102240,4540.506107
102286,5852.794036
102348,4648.403386
102419,5183.533164
102446,2635.105364
102473,2659.92492
102525,2818.691925
102543,7577.713273
102570,7514.743517
102605,5176.786294
102641,1003.180242
102703,3456.179716
102749,4608.886015
102794,8523.05468
102838,1719.984189
102909,5391.135642
102945,4723.33073
103014,4730.359976
103032,6439.503066
103087,5385.793688
103130,4783.539611
103194,2354.961517
103238,5505.33071
103283,3952.68793
103309,1772.328879
103354,1964.65477
103372,2304.804855
103407,3150.788477
103443,2920.278197
103470,2324.081312
103513,6617.572434
103568,1275.845114
103639,3593.009924
103693,1960.082141
103764,3261.700822
103862,3679.471043
103899,3596.256273
103960,3469.954258
103997,3408.083291
104047,3349.987771
104083,2077.960798
104118,2410.4954
104136,7165.531664
104181,5518.704107
104225,2678.424165
104243,5940.326627
104270,2543.22007
104323,2372.510042
104341,1648.015663
104387,4192.31438
104421,2693.335516
104485,4608.151054
104519,3345.757933
104546,7163.073112
104582,2935.855574
104635,3587.688649
104680,4255.822234
104715,2399.094047
104751,4167.180755
104788,2355.667076
104831,8082.795102
104886,2959.922072
104975,1785.49299
105026,2582.165572
105106,2994.399442
105142,1995.239191
105160,6772.130588
105222,2820.893604
105259,4598.82494
105295,3064.688284
105348,2113.6715
105384,3291.43759
105419,5491.068432
105455,2414.78064
105534,4937.394566
105570,5420.406701
105605,5156.737927
105623,7375.897146
105712,2517.389413
105776,2816.450994
105794,1825.074192
105829,4241.8955
105874,5681.715701
105909,2732.754255
105936,7900.568303
105972,4573.348808
106318,151294.3421
106363,2691.31142
106407,6142.364665
106461,8123.829571
106559,42839.774
106620,2712.361419
106648,2872.395848
106684,17598.21698
106746,28238.16844
106782,5179.187798
106817,13243.50854
106979,18010.40594
107001,2514.282121
107047,1039.656812
107083,1336.364711
107118,1795.380758
107154,2476.296146
107190,1448.43062
107234,1022.197936
107270,4132.579523
107314,4616.223842
107350,4419.22854
107403,3035.738042
107430,1180.296419
107485,2549.945609
107519,3213.414951
107546,3137.0504
107582,3569.052539
107662,4276.886832
107715,2426.913015
107733,5549.279943
107868,2354.577574
107920,3568.464802
107975,2448.976899
108017,3154.407692
108035,4502.084705
108106,4160.746182
108151,3194.902096
108204,4175.087087
108222,3644.189014
108240,2389.818452
108268,4755.942599
108348,9078.955738
108366,1217.134427
108400,4196.914423
108455,2419.13741
108473,9780.456974
108491,2709.153193
108552,3034.050291
108598,4570.013825
108614,2033.790166
108632,4516.456397
108669,3041.496417
108696,5311.874637
108712,5817.013263
108794,2213.37543
108874,3472.891753
108892,4968.193912
108918,1594.432379
108945,3225.325671
108963,9224.96845
109005,3688.888091
109041,4061.81752
109096,5656.584954
109176,7446.52003
109265,7136.194603
109354,2161.222805
109425,1434.119527
109504,5014.571038
109773,107801.9346
109826,10682.82573
109924,5327.510931
110027,1075.232259
110063,12744.62934
110116,11110.60262
110232,5837.881656
110296,4161.409081
110456,1062.298106
110535,2766.361761
110571,1994.29798
110688,945.9063585
110740,1509.357295
110820,3968.807718
110875,2729.798198
110946,2004.238654
111006,3125.577372
111097,2079.741509
111220,476.7648208
111275,5871.820911
111417,1259.0869
111444,3309.05069
111480,2846.52687
111550,2536.016437
111587,1432.694096
111685,2529.08082
111783,3395.836157
111818,589.7984483
111863,3896.576857
111916,1214.213522
111989,2048.21539
112030,2871.778758
112076,2743.000769
112129,1272.389544
112245,3024.449287
112263,1217.784318
112334,1250.383356
112370,2116.7178
112469,2715.484249
112548,4473.704368
112600,1455.407179
112664,2501.184014
112744,1821.914022
112771,2328.993045
112806,1297.388132
112879,3751.635971
112904,931.8521184
112959,834.0811945
112995,2509.643128
113153,1068.729693
113206,1484.862471
113233,1929.157825
113395,3054.918806
113466,1308.110013
113493,2810.358469
113518,1363.401589
113607,977.4871535
113625,2574.53733
113698,1143.465643
113732,3103.675739
113849,1902.380617
113894,1730.137885
113929,1658.837336
113974,1690.880696
114060,1809.985754
114079,1773.382308
114319,151634.7153
114355,6809.323355
114382,8317.308598
114417,10126.57048
114453,5434.652156
114514,34001.33582
114603,6273.566771
114710,17164.94659
114809,38084.9714
114854,10033.88824
114925,25829.67575
114970,4734.368125
115076,5928.606282
115147,3093.18443
115183,2974.093586
115236,1545.250845
115307,3701.90975
115389,6346.848982
115520,4126.527313
115575,2648.644077
115600,721.5973773
115637,5105.587998
115708,2170.479069
115771,884.6959334
115824,1944.214568
115851,2513.728476
115897,4001.252757
115959,5791.638956
116046,2609.224072
116126,1556.45356
116171,1461.549399
116224,531.4176321
116288,4292.296297
116340,1140.087694
116395,1468.265639
116439,1957.318423
116493,5563.597534
116545,4191.391964
116590,4073.575729
116652,5836.092297
116723,1674.021081
116796,5031.967984
116867,2795.017778
116938,3686.744817
116983,2856.928606
117042,3490.807878
117113,3637.242266
117177,5583.070731
117275,1655.605343
117319,6074.261386
117426,4861.840758
117505,1223.169155
117550,4263.295803
117667,2134.277217
117783,2081.187249
117827,9594.644481
117925,3142.57469
117998,2555.737377
118058,2078.711822
118094,1275.305091
118209,4577.080394
118281,5717.297377
118370,2443.662219
118469,2870.591327
118511,1362.487263
118575,2420.073221
118637,885.6172751
118691,5966.49866
118753,1808.347412
118799,2864.596613
118824,1955.428035
118931,1792.516171
118995,3522.86665
119153,2175.179988
119206,2135.090319
119242,6800.181631
119331,5163.365831
119386,2389.3854
119466,4249.800651
119527,2870.573504
119590,2934.506792
119625,1490.532659
119661,2312.774012
119723,2381.517687
119750,2025.884593
119803,1526.631862
119858,989.2009328
119894,7748.20502
119974,3044.904993
120076,1968.323472
120138,1936.253044
120174,764.9029071
120218,1679.600372
120254,3950.418621
120316,1870.810625
120343,1253.82814
120370,3268.313681
120478,1734.277953
120487,2792.612246
120496,1388.16095
120502,1584.704067
120511,1164.343399
120726,114396.2934
120771,8790.041472
120824,7320.741281
120860,69726.11813
120888,7723.400201
120922,7238.735859
120968,8525.93435
121055,21251.28058
121108,4310.796844
121153,3747.141022
121242,4224.057016
121297,4611.641224
121340,3833.060598
121386,1916.764739
121466,3805.079454
121607,4835.520276
121652,6559.36225
121732,9241.940198
121796,5020.117712
121876,2828.799124
121938,3870.365721
122025,2569.254187
122061,4103.457415
122132,3563.477227
122187,4347.574469
122249,3006.833984
122285,1736.452546
122347,7291.317092
122392,2252.336556
122463,2589.422002
122551,3167.876624
122613,2079.622913
122668,6521.098858
122702,5246.281259
122828,4608.40172
122864,2410.438478
122908,5417.233536
122953,4127.35632
123013,4601.038872
123102,5514.840801
123175,3847.970656
123228,2176.930741
123255,3422.979109
123371,3900.153396
123424,5734.480788
123479,8303.513552
123521,8681.199538
123601,5472.282042
123674,5586.155468
123709,1606.303397
123790,4816.312359
123914,8317.536678
123969,2261.706534
124028,5184.043338
124073,4150.425515
124117,9441.832996
124153,5108.484439
124206,11403.70833
124233,3274.103456
124331,2136.382117
124411,3124.544923
124493,3532.4402
124563,2763.693572
124616,2735.947871
124634,9537.327446
124661,3988.930674
124723,4968.342677
124750,2232.045193
124803,4105.120874
124849,4090.908137
124885,3978.842466
124938,6028.528253
125016,8736.98494
125061,6218.360816
125098,2376.498073
125105,1845.064565
125114,2053.467426
125123,1486.999391
125132,1488.331619
125141,1451.406111
125150,2404.712273
125169,1889.826468
125178,2489.200409
125347,86515.9203
125374,2636.425982
125418,20697.29152
125472,35166.21076
125490,1738.781345
125542,18404.68096
125588,2380.535482
125622,11785.6556
125659,2050.479765
125677,1233.853513
125757,1482.145554
125846,2479.618722
125873,3275.152293
125962,4598.463729
125999,2655.123855
126022,2678.748543
126077,2015.108982
126102,1747.129824
126148,3214.947362
126166,2379.580628
126228,1661.224252
126326,2250.194038
126380,2201.772419
126406,3684.741587
126433,4319.238102
126503,1989.91033
126585,3635.400211
126647,3187.210537
126674,1239.577563
126718,3686.935466
126772,1707.460211
126825,1510.998603
126905,905.6186576
126978,3823.150939
127019,4743.98138
127064,3626.704865
127126,2375.689116
127144,2822.018581
127171,2365.478011
127224,2774.19084
127251,3797.271171
127288,4210.35225
127322,2154.111054
127368,4801.025153
127386,3513.783076
127411,1461.556933
127493,4035.762515
127536,1622.786301
127563,1500.421334
127625,2413.053181
127689,3490.742673
127714,1274.202901
127750,2749.228234
127812,1655.172561
127858,1131.695302
127901,1276.028303
127938,2368.913514
127983,4773.771885
128052,2063.773217
128105,6264.470088
128178,3023.879306
128221,2802.119222
128301,1983.83178
128374,5546.932709
128436,1698.89365
128472,3436.576376
128524,2865.198741
128560,2724.733485
128588,4305.963941
128613,2972.0939
128659,2748.611219
128711,11636.53106
128864,1953.268664
128882,1033.076766
128962,1706.386355
129040,2545.882102
129095,2365.955592
129111,2835.356419
129139,3041.49411
129184,2761.615971
129246,2922.079098
129282,1809.578885
129317,878.356996
129380,2366.98043
129460,4368.541494
129503,760.4865943
129567,3073.845634
129585,2872.527017
129629,2223.243914
129656,3639.763963
129718,1511.158968
129745,3256.688299
129763,2760.277708
129816,2867.441133
129898,3052.533686
129914,2048.426855
129987,2310.564132
130026,2021.832669
130062,2088.99489
130124,2220.323635
130231,2309.052649
130286,1541.827868
130295,1535.366013
130302,1835.000945
130311,1479.383268
130320,1365.444676
130339,1707.733814
130348,1451.606677
130357,1509.876843
130366,1895.110241
130375,1722.032918
130384,1210.940254
130534,238000.6216
130552,9840.03354
130614,6469.752182
130678,9608.857354
130712,9519.060521
130785,11364.82967
130847,6504.443171
130892,10183.19188
130954,5180.735498
130981,19325.54988
131069,11468.14337
131103,16374.73548
131210,10980.1963
131256,38491.56176
131274,5298.137173
131336,12924.25243
131407,16342.2604
131443,9833.726246
131461,3596.712977
131540,11706.35507
131577,6115.372046
131620,11253.07547
131817,13791.07559
131835,6086.632153
131899,2168.618142
131933,5736.876851
131988,3387.169787
132011,2138.216315
132075,9120.697042
132137,1221.334854
132164,4009.663316
132226,2368.279296
132271,3641.179225
132315,5945.476617
132342,3204.226164
132379,1798.099806
132404,7378.064833
132459,1204.050618
132486,1697.542201
132510,5166.531006
132574,4660.81901
132645,1641.109178
132681,6873.644898
132716,3456.304832
132752,4833.543961
132805,4549.319896
132841,1058.266394
132896,5471.101601
133018,4942.213273
133090,4335.820361
133161,11064.18889
133214,8263.770472
133278,2061.338467
133330,8395.390238
133394,3388.156105
133429,1912.906069
133508,5223.431858
133562,2898.688145
133615,2311.054517
133688,2402.538677
133722,5077.281471
133795,6700.954825
133866,575.3088157
133919,1209.995505
133964,5309.829287
134014,4826.790288
134050,6371.642917
134096,10876.02201
134194,4087.660927
134336,2076.506595
134390,2929.599539
134443,4669.804265
134559,4838.625258
134648,3810.445486
134755,2287.456962
134853,2226.398518
134899,2069.970332
134942,8304.005946
135020,5277.105476
135128,1079.18394
135146,1890.068502
135164,5752.963748
135226,1278.707079
135244,5188.21442
135315,3911.654553
135404,1869.147804
135431,4890.884301
135501,3042.287784
135547,3271.887862
135618,2342.350549
135654,1126.132349
135681,925.0117753
135725,3788.012837
135789,5755.415678
135850,2438.085405
135896,4434.726711
135949,10928.20381
136107,6913.267933
136134,7109.891469
136198,3744.017655
136241,2985.105667
136250,1860.429179
136269,1736.666755
136278,2032.592114
136483,124949.358
136526,24674.67787
136553,3252.725766
136599,17506.6281
136642,9179.448514
136713,2915.388378
136768,2579.62935
136802,2646.732355
136848,7058.271795
136919,3773.436124
136964,3287.41592
137032,3531.585699
137069,7370.78407
137103,2312.215851
137130,2894.449325
137185,3878.557123
137229,4919.081678
137274,2451.15779
137292,2409.388425
137363,1657.609834
137407,5930.373498
137443,2198.246892
137504,2536.846752
137540,4017.861135
137611,2902.432487
137675,4089.098744
137728,1926.676554
137746,3512.851792
137764,5057.985263
137844,2844.218003
137899,1768.790114
137960,5965.162121
138039,6818.207848
138084,6930.995464
138164,3960.960371
138208,4381.653407
138280,5807.235539
138351,4131.638848
138431,5525.077226
138501,1916.749449
138538,1574.969931
138574,3109.869205
138618,1978.26676
138663,3840.454606
138734,2567.203227
138770,1235.910677
138805,1395.598805
138869,2616.330967
138921,4171.03528
139009,3860.879828
139054,1734.309562
139107,2309.144764
139143,3035.992151
139170,7710.56553
139214,4212.716366
139250,1465.560601
139287,1990.440225
139330,4070.231067
139358,5074.355126
139394,3614.156297
139704,68782.72494
139740,7801.859758
139811,11170.51586
139884,16655.66387
139937,1289.334616
139982,2270.36298
140084,1772.815077
140146,3843.277791
140208,2036.483618
140244,1502.948857
140280,3944.40734
140324,3342.82066
140379,2521.761553
140440,1692.554914
140477,1070.093651
140501,2507.173674
140547,2197.08725
140583,1175.591981
140627,6597.409352
140672,2728.097561
140770,1283.684727
140823,3302.645224
140869,1705.938999
140958,1684.374201
141027,1257.103442
141081,1377.617535
141134,2358.610348
141232,2243.994125
141312,2404.019539
141376,3993.534767
141447,2893.950156
141535,2544.098225
141580,2395.029401
141722,3824.736626
141786,1850.75422
141884,944.7069872
141946,2726.465141
142006,3040.901999
142079,3209.151621
142122,2325.806999
142177,2709.547775
142239,4353.774171
142284,3905.313313
142337,2491.201118
142373,1212.453401
142426,3223.544286
142499,1048.286667
142550,2807.451896
142612,3251.428187
142676,1586.107154
142710,2852.253074
142774,3789.728924
142854,1681.906664
142881,6504.885004
142952,3125.338002
143021,2344.242505
143067,930.2575644
143147,1007.288093
143450,171088.0211
143487,4250.481847
143502,1740.919836
143520,5513.776005
143557,7610.262884
143619,62481.73469
143646,3242.350981
143682,11581.15096
143735,19479.06641
143771,5828.232832
143806,8560.650423
143851,4472.222169
143888,1701.875415
143922,1312.987043
143959,2818.581607
143995,1626.261493
144054,14619.31229
144116,4149.616353
144152,4441.888835
144198,3069.777928
144232,2250.176333
144303,2394.25227
144349,3691.094849
144376,1515.754087
144410,934.3274758
144456,1822.981994
144508,1099.866959
144535,1288.979596
144553,3479.849729
144599,3615.917832
144615,2495.273735
144651,3102.703969
144713,3876.407196
144731,3867.638822
144795,2881.801305
144866,708.7430409
144893,848.9624053
144928,4530.863435
144964,1599.79395
144991,2206.672792
145042,1000.151277
145104,3514.310987
145140,3013.18295
145202,3219.55066
145220,2145.35207
145275,2384.819656
145293,3188.956271
145355,2844.720186
145382,617.9362963
145408,5502.891224
145471,2373.653502
145499,6304.86189
145603,3740.335298
145667,4549.669679
145738,1936.245626
145765,4196.768786
145792,3069.21094
145827,8746.672675
145907,1621.906424
145934,2311.658117
145961,2232.308917
145998,2613.627456
146012,1916.239862
146021,1538.142617
146263,116184.0242
146281,6462.153065
146325,4656.232118
146370,9952.679602
146432,10854.10527
146502,19298.6479
146539,30534.065
146584,16623.39028
146628,31123.51746
146655,9065.550625
146708,2422.689112
146744,17012.42532
146799,4204.187206
146860,7311.435098
146904,7032.548742
146931,5233.2506
146995,3093.480221
147036,3597.230047
147054,3913.419387
147072,4563.754141
147134,7550.344433
147161,2560.76517
147205,1575.679521
147241,3892.860832
147358,6440.886455
147465,2639.327572
147526,4430.952793
147580,2886.81651
147633,8365.87226
147660,2853.924646
147713,1846.782512
147786,7058.782303
147884,2043.421422
147937,5601.458145
148006,10658.87109
148097,3739.929756
148131,2958.127959
148202,3152.682207
148293,4567.934403
148328,2473.313011
148382,2533.552637
148426,9059.939102
148453,4652.496769
148514,4611.906724
148612,6523.529405
148667,5570.959869
148694,5000.549877
148729,3540.345769
148765,4093.319007
148872,2667.579567
148916,2868.566914
148970,5155.873577
149049,3554.758856
149101,2477.113863
149138,2213.180385
149183,2136.997282
149227,9981.951136
149290,10438.57776
149316,7612.709921
149370,3607.180782
149414,5064.877605
149502,1976.923979
149539,5049.498422
149584,1921.984209
149655,3060.541682
149682,2259.857595
149753,5815.136127
149780,2925.005166
149833,4808.453442
149851,2206.156982
149931,3098.666178
149968,6682.385059
150043,3863.754646
150070,4162.104168
150114,4920.263739
150178,2530.98683
150196,4285.344537
150221,2923.313971
150258,5278.768354
150294,5573.403921
150310,3251.925434
150356,5899.4642
150418,2934.493865
150445,4272.534922
150524,5196.34831
150588,7494.280408
150702,2159.74752
150766,4427.885934
150891,3971.29594
150935,6124.462756
150980,4419.961928
151022,7216.38723
151077,6237.589263
151095,14473.44588
151120,5467.440948
151157,3470.727457
151246,3025.104835
151344,5838.556294
151433,2253.438807
151442,3918.389364
151451,1461.28218
151460,3089.225325
151479,4892.635667
151488,2609.707424
151497,1465.864829
151503,2405.579282
151512,3762.179851
151521,2180.515161
151530,1520.503711
151549,2327.644041
151558,4253.269109
151567,2093.40713
151576,2706.440487
151585,1957.395729
151683,30044.29063
151709,1590.98883
151736,5485.019873
151763,2756.692635
151790,53827.65373
151816,3800.642954
151834,4666.898449
151870,32645.66216
151905,11344.22107
151932,1458.814667
151978,15521.67553
151996,1859.776385
152038,2983.916011
152083,3813.343656
152127,2337.786169
152172,5266.066311
152234,4034.162076
152252,2745.070784
152270,1012.639729
152314,1880.564389
152332,4319.379179
152350,3226.854466
152412,1998.608967
152467,2260.90984
152500,2931.90005
152528,2817.537798
152564,3246.335496
152582,2560.709605
152617,2900.958648
152662,1490.100713
152724,1225.633602
152760,4569.399636
152797,1807.090063
152868,2032.794448
152902,4284.805612
152948,3409.955011
152993,2085.628174
153026,2738.138417
153062,2717.010363
153106,2527.174961
153124,2294.670561
153151,3347.73484
153204,2569.062104
153240,2741.240002
153277,4261.73961
153295,2823.495462
153339,3803.291368
153384,1504.974452
153400,2637.62497
153437,1180.121998
153473,3059.762012
153507,7785.829054
153543,7268.611364
153561,3249.390006
153589,2824.021262
153605,5811.072479
153623,2524.979521
153696,2937.27769
153776,2776.679161
153829,2270.570588
153865,2118.180883
153909,865.062992
153936,2900.146207
153972,1274.282036
154013,4046.910173
154068,1725.778303
154139,2430.27571
154166,1179.071591
154184,3123.539258
154228,2431.042223
154282,2547.501941
154308,1411.028403
154344,1778.394905
154380,2410.03017
154415,1824.443995
154460,2388.03391
154497,3166.277588
154521,1918.407418
154585,3523.537508
154665,2933.68477
154709,1980.487355
154736,1860.521838
154754,2718.644489
154790,3130.528115
154834,5248.734727
154852,2936.154562
154914,1782.144431
154932,2741.590116
154978,1495.750355
154996,2300.602128
155083,1635.081709
155092,1352.943738
155109,1700.388081
155118,1636.429373
155127,2450.40973
155136,1466.878319
155145,2356.094892
155154,1656.398353
155243,326713.9505
155261,6333.612594
155289,7653.49791
155314,8025.92239
155350,46355.86392
155403,8023.458729
155458,7189.191561
155494,12849.84628
155528,14571.28423
155546,1823.089173
155591,2896.906628
155662,295.9472504
155724,1622.384474
155760,2974.348976
155797,2616.030365
155840,2724.436004
155911,3897.838405
155957,1503.311361
156035,442.9470931
156106,2287.831301
156151,647.925528
156213,5654.88385
156259,4733.584365
156277,2975.156253
156311,2130.112299
156357,5055.890987
156437,5301.738609
156473,3766.498902
156534,1602.57662
156589,1261.503859
156623,3230.906926
156669,3153.556169
156712,4317.677933
156767,2772.987796
156801,7249.426164
156927,1804.085683
157004,1761.727449
157031,2891.595776
157086,6130.693378
157193,1139.846693
157246,7035.117192
157273,1368.23679
157317,3105.51882
157362,3070.787625
157424,3580.630902
157451,6298.564898
157497,3977.402884
157530,4258.372837
157585,2331.896645
157683,2422.387418
157736,1728.476903
157781,2742.523472
157834,5947.991972
157898,3059.23762
157923,1634.841278
157969,1036.046707
158010,4614.732368
158065,5484.914773
158109,4987.470814
158136,1039.280157
158181,3170.417193
158243,3012.713526
158314,8530.483679
158396,2768.590132
158449,3005.788054
158528,4892.797317
158564,8160.893176
158608,348.4906937
158653,6743.070238
158699,6139.130478
158733,3351.811274
158779,3295.182303
158804,1902.214615
158859,4736.359815
158895,2260.227203
158966,2580.391154
159035,2706.576223
159071,2094.060253
159142,2910.167156
159213,6152.606214
159259,2695.072074
159339,2415.212001
159366,2188.381337
159375,1970.459569
159384,3006.058411
159393,1511.468047
159400,1992.006669
159419,2538.862547
159428,2557.805779
159437,2095.703837
159446,1649.561571
159455,2672.318698
159464,2900.079298
159473,3602.992695
159482,1300.286199
159491,1719.237823
159507,2043.559937
159516,1442.944094
159525,1692.017464
159614,90621.70755
159650,10091.58198
159687,5102.387096
159730,10989.83158
159767,4232.097653
159785,4769.161733
159847,1655.171252
159883,946.2002751
159945,3056.652071
159963,2981.105006
160047,652.7351813
160092,2540.331195
160127,3910.665447
160172,2209.653941
160225,2228.615748
160261,1372.749334
160305,2115.80328
160323,1528.188815
160387,3692.832597
160430,5429.688163
160458,1476.096248
160476,1392.561789
160528,1419.525038
160564,2096.321829
160617,5722.475393
160644,4722.038105
160680,4372.380112
160724,2810.58032
160779,1056.256613
160831,2677.373864
160877,3301.702365
160911,3524.444841
160993,2717.22779
161035,4924.552388
161053,2634.72597
161106,2103.525766
161133,539.4842074
161151,1789.884473
161179,7079.873156
161231,869.3882654
161259,2434.872326
161286,1139.66806
161302,4851.033111
161348,1703.415763
161384,4532.429983
161464,3447.848201
161482,3582.528192
161525,1089.894273
161543,2207.400362
161552,1828.018591
161561,1484.663946
161794,71626.75662
161829,29780.29531
161856,9962.323888
161945,70484.71617
162014,3094.466143
162069,1568.409668
162149,1706.057723
162194,5866.84253
162327,2827.19949
162381,4325.50912
162452,1519.601399
162498,5107.159246
162559,1471.183019
162595,1637.891418
162693,3201.411274
162791,1529.738634
162871,2082.018703
162924,2684.564198
163002,4572.120573
163057,2115.789166
163137,2893.889393
163208,1733.460488
163253,2190.385191
163324,2327.846817
163379,2393.779802
163486,4922.163187
163618,4501.500085
163681,4803.76453
163734,3660.000967
163789,3081.908144
163832,5680.136346
163903,2027.230943
163967,2717.652488
164062,2465.202105
164133,3655.963182
164197,2800.911171
164277,2678.174123
164339,4007.160431
164393,4492.926136
164543,2711.566869
164598,3329.262959
164687,4079.647291
164749,3751.997149
164829,2384.090591
164892,2793.31005
164936,4073.724241
164981,7750.969182
165069,2640.983492
165130,3276.071935
165185,4068.423152
165274,3726.365251
165336,2850.434582
165416,3201.454173
165470,4707.236385
165611,3281.122884
165719,3536.627272
165817,3454.708895
165899,3803.502684
165979,5577.625594
166057,3270.992431
166137,2337.379888
166182,2134.234912
166235,3243.023067
166315,2258.302411
166413,3313.52185
166529,3773.763613
166636,4666.869342
166672,3286.964227
166707,1868.607387
166770,4236.026188
166869,3833.864495
166985,2183.233726
167035,1999.849005
167071,3874.828032
167179,9533.14428
167222,1500.091224
167231,1793.910705
167240,2002.557924
167259,1693.767664
167268,1611.922383
167277,2331.564695
167286,1737.480661
167295,2075.26533
167302,3949.131994
167311,1669.043495
167320,3354.819244
167473,118586.9349
167641,2712.778985
167696,4441.652744
167794,6912.805716
167909,8386.946885
167981,20673.39066
168041,7008.840567
168130,3487.179481
168229,4508.642588
168309,1826.086352
168372,9000.193432
168452,5142.425993
168559,3475.742926
168602,6010.819761
168675,2709.229707
168755,1354.118843
168791,5873.331628
168880,4737.803618
168960,2749.251765
169039,3657.54082
169119,2497.288908
169182,2722.708056
169253,3256.848266
169306,2260.972062
169351,3020.654201
169404,2089.846784
169547,1971.831212
169583,1403.576587
169681,3737.937045
169896,5249.43791
169994,3887.941105
170097,1591.030981
170168,2040.597562
170220,2538.919975
170346,2628.196991
170444,1527.757968
170514,3960.662922
170612,2429.357201
170685,1753.498922
170792,2114.511496
170872,2163.974466
170952,3038.997094
171021,1869.37982
171067,3140.68891
171101,1913.977736
171209,1529.499116
171272,1887.39608
171325,6612.013533
171469,1192.484002
171539,2514.158311
171628,3298.214657
171806,2941.483448
171879,2880.352278
171931,2715.797024
171995,2718.698321
172082,4467.732013
172153,2278.041282
172279,1713.249801
172340,2954.019472
172377,2817.480859
172457,4132.504593
172509,1896.000268
172581,2107.905557
172698,2592.786302
172812,935.3747296
172894,2205.189502
172947,1935.991408
172992,2393.605402
173061,3334.495213
173132,1175.997212
173230,3643.958785
173374,3781.42873
173533,2805.146958
173597,2314.387447
173686,2249.22997
173748,3281.593138
173793,3271.50822
173855,2525.135007
173935,3714.008428
174021,4153.990378
174085,2616.097994
174156,2860.693508
174218,1567.723489
174254,1656.665904
174290,2360.429225
174496,842.3490514
174502,1873.470363
174511,1360.217659
174520,912.7288775
174744,95419.78224
174780,4447.457074
174824,4355.514248
174860,19913.05726
174922,12595.13778
175019,9428.293374
175055,9536.888695
175126,1926.914823
175206,2055.147605
175224,1486.151546
175260,1609.795507
175368,4603.228614
175439,1757.593669
175466,2201.657591
175509,2366.790199
175590,3276.787194
175670,3748.230993
175732,2765.66638
175787,1854.177919
175885,4652.474939
175938,4212.144715
175983,4695.121479
176150,2660.730176
176212,4571.798748
176301,6523.858262
176338,2726.941128
176445,7297.71084
176506,4070.839365
176551,1633.699264
176613,4698.298726
176686,3999.697446
176748,3587.029451
176793,3841.134206
176855,2479.498627
176891,1856.466625
176944,4502.974748
177003,2228.001393
177101,2106.563142
177236,6649.775656
177263,2695.801809
177352,4254.791077
177405,3203.827213
177469,2445.067171
177557,4267.241658
177600,5108.463266
177655,6598.407782
177726,2032.201412
177762,2428.937492
177799,3599.194233
177842,5982.150572
177879,2154.585356
177986,4611.966862
178046,3006.836435
178117,3977.555937
178180,5186.938509
178279,2646.629351
178313,1947.400552
178377,7194.208744
178475,2004.672341
178545,4051.922627
178607,6413.848
178689,3462.128013
178750,2728.197005
178821,8395.769933
178885,1673.534662
178894,3054.635508
178901,2879.201538
178910,1944.006234
178929,2373.065079
178938,2967.467486
178947,1562.906216
178956,2441.67672
178965,1288.295372
179132,2080299.932
179221,13023.90022
179249,11614.65599
179285,14579.8726
179310,9159.062515
179347,8230.994622
179383,11452.00475
179409,7908.535596
179463,7567.058125
179481,18296.58451
179515,23905.01845
179533,20697.10496
179551,45635.34149
179588,2512.418047
179604,884.7012204
179613,2277.74618
179622,2043.637012
179631,967.7095512
179640,4887.421647
179659,2445.638941
179677,1384.894254
179686,2974.559952
179695,1193.581331
179702,3111.942692
179711,2723.797584
179720,1586.326243
179739,2233.159886
179748,2492.049207
179757,1883.868459
179766,1498.447307
179775,2449.352865
179784,2268.479647
179793,1040.489783
179800,1652.783316
179819,2769.229978
179828,1867.073841
179837,1377.147013
179846,2473.545404
179855,1270.61185
179864,1537.410926
179873,1959.327455
179882,1326.502054
179891,3052.231234
179908,2315.252149
179917,1412.235266
179926,2104.493664
179935,2694.056277
179944,1280.965152
179953,1213.992144
179962,3301.816581
179971,1147.906906
179980,1511.828867
179999,1092.63326
180000,1870.331156
180019,1220.930055
180028,2514.554563
180037,1842.863659
180046,2620.567096
180055,2117.989422
180064,5859.596654
180091,2810.351941
